,s_opt,v_opt,n_opt,chi_opt,ax_opt,ay_opt,jx_opt,jy_opt,laptime
0,0.000000,2.823167,0.478054,-0.125129,0.115009,7.012371,6.040540,-0.641940,16.632638
1,0.199722,2.837062,0.460326,-0.115983,0.425551,6.979369,5.952201,-1.082481,16.632638
2,0.399445,2.867800,0.444281,-0.098291,0.739600,6.922256,6.021027,-1.547260,16.632638
3,0.599167,2.914312,0.430380,-0.089812,1.052193,6.841927,6.069219,-1.985801,16.632638
4,0.798890,2.975306,0.416813,-0.094506,1.359220,6.741470,5.992067,-2.372301,16.632638
5,0.998612,3.050253,0.401747,-0.108339,1.657004,6.623575,5.787136,-2.741692,16.632638
6,1.198334,3.138567,0.383858,-0.128774,1.941090,6.488987,5.464676,-3.073775,16.632638
7,1.398057,3.239776,0.362024,-0.153057,2.207710,6.339019,5.082780,-3.238531,16.632638
8,1.597779,3.354021,0.335520,-0.175834,2.456694,6.180377,4.681081,-3.249472,16.632638
9,1.797501,3.481520,0.304476,-0.191055,2.688682,6.019338,4.309147,-3.142530,16.632638
10,1.997224,3.621865,0.270212,-0.193377,2.904917,5.861644,3.984726,-3.019525,16.632638
11,2.196946,3.772955,0.235329,-0.182414,3.105262,5.709828,3.708637,-2.974851,16.632638
12,2.396669,3.930434,0.202241,-0.169382,3.287964,5.563274,3.429848,-3.017012,16.632638
13,2.596391,4.090466,0.170486,-0.168543,3.450867,5.419979,3.045330,-3.111271,16.632638
14,2.796113,4.252540,0.137421,-0.178231,3.591047,5.276764,2.763532,-2.997194,16.632638
15,2.995836,4.417585,0.102027,-0.182999,3.715890,5.141366,2.600195,-2.759121,16.632638
16,3.195558,4.584825,0.066426,-0.173356,3.831129,5.019083,1.750166,-3.213950,16.632638
17,3.395281,4.751503,0.033612,-0.153647,3.906530,4.880619,0.911147,-3.658435,16.632638
18,3.595003,4.915077,0.004993,-0.131550,3.944497,4.728174,0.075070,-4.081652,16.632638
19,3.794725,5.074113,-0.019216,-0.109589,3.947523,4.563671,-0.755207,-4.480744,16.632638
20,3.994448,5.227642,-0.039075,-0.088520,3.918041,4.388750,-1.574259,-4.853774,16.632638
21,4.194170,5.374998,-0.054911,-0.069792,3.858379,4.204801,-2.376273,-5.200933,16.632638
22,4.393892,5.515670,-0.067262,-0.053641,3.770748,4.013003,-3.157640,-5.526461,16.632638
23,4.593615,5.649163,-0.076506,-0.038518,3.657252,3.814364,-3.915642,-5.833555,16.632638
24,4.793337,5.775034,-0.082656,-0.022631,3.519909,3.609750,-4.645510,-6.121155,16.632638
25,4.993060,5.892973,-0.085470,-0.005259,3.360652,3.399905,-5.339767,-6.385044,16.632638
26,5.192782,6.002824,-0.084711,0.012861,3.181325,3.185474,-5.990664,-6.621552,16.632638
27,5.392504,6.104524,-0.080402,0.029938,2.983677,2.967011,-6.596433,-6.833836,16.632638
28,5.592227,6.197976,-0.072876,0.045115,2.769374,2.744995,-7.159060,-7.027889,16.632638
29,5.791949,6.283023,-0.062427,0.059442,2.540022,2.519846,-7.675262,-7.203459,16.632638
30,5.991672,6.359547,-0.049090,0.074141,2.297180,2.291932,-8.138817,-7.357399,16.632638
31,6.191394,6.427481,-0.032727,0.089656,2.042360,2.061577,-8.543548,-7.486698,16.632638
32,6.391116,6.486789,-0.013316,0.103521,1.777029,1.829068,-8.895940,-7.599304,16.632638
33,6.590839,6.537371,0.008426,0.112391,1.502625,1.594660,-9.204804,-7.704261,16.632638
34,6.790561,6.579093,0.031432,0.116383,1.220570,1.358585,-9.466519,-7.799561,16.632638
35,6.990283,6.611875,0.054884,0.117267,0.932271,1.121052,-9.668501,-7.875816,16.632638
36,7.190006,6.635698,0.078426,0.118023,0.639119,0.882255,-9.800784,-7.925879,16.632638
37,7.389728,6.650552,0.102341,0.120698,0.342489,0.642371,-9.868743,-7.954877,16.632638
38,7.589451,6.656398,0.126984,0.124760,0.043747,0.401565,-9.877543,-7.967424,16.632638
39,7.789173,6.653185,0.152544,0.129216,-0.255736,0.159996,-9.841035,-7.974903,16.632638
40,7.988895,6.640881,0.178889,0.132008,-0.554585,-0.082183,-9.759383,-7.977531,16.632638
41,8.188618,6.619499,0.205482,0.132104,-0.851414,-0.324818,-9.618220,-7.963422,16.632638
42,8.388340,6.589050,0.231865,0.130229,-1.144833,-0.567755,-9.420372,-7.934429,16.632638
43,8.588063,6.549556,0.257670,0.126598,-1.433437,-0.810835,-9.169020,-7.892547,16.632638
44,8.787785,6.501064,0.282532,0.121126,-1.715805,-1.053893,-8.863866,-7.836662,16.632638
45,8.987507,6.443634,0.306070,0.113783,-1.990500,-1.296754,-8.490756,-7.752921,16.632638
46,9.187230,6.377229,0.328013,0.105534,-2.256048,-1.539227,-8.046347,-7.635868,16.632638
47,9.386952,6.301729,0.348356,0.097454,-2.510925,-1.781102,-7.558491,-7.509217,16.632638
48,9.586674,6.217234,0.367060,0.088694,-2.753553,-2.022148,-7.046014,-7.390532,16.632638
49,9.786397,6.124118,0.383732,0.077301,-2.982323,-2.262104,-6.496827,-7.266929,16.632638
50,9.986119,6.022707,0.397705,0.062371,-3.195613,-2.500676,-5.890212,-7.112954,16.632638
51,10.185842,5.913030,0.408368,0.044615,-3.391753,-2.737532,-5.239317,-6.939305,16.632638
52,10.385564,5.795285,0.415209,0.023812,-3.569005,-2.972297,-4.571267,-6.779028,16.632638
53,10.585286,5.670330,0.417416,-0.002617,-3.725614,-3.204543,-3.877260,-6.620442,16.632638
54,10.785009,5.539012,0.413729,-0.036827,-3.859858,-3.433765,-3.122632,-6.397149,16.632638
55,10.984731,5.401001,0.402800,-0.077301,-3.969940,-3.659282,-2.296559,-6.056052,16.632638
56,11.184454,5.254628,0.383709,-0.119039,-4.053731,-3.880240,-1.433380,-5.625049,16.632638
57,11.384176,5.098385,0.356283,-0.157817,-4.108606,-4.095589,-0.567420,-5.166809,16.632638
58,11.583898,4.932183,0.320909,-0.193106,-4.131496,-4.304017,0.292928,-4.709792,16.632638
59,11.783621,4.757101,0.278024,-0.227121,-4.119063,-4.503906,1.149161,-4.246018,16.632638
60,11.983343,4.574526,0.227626,-0.262491,-4.067809,-4.693286,1.995936,-3.754982,16.632638
61,12.183065,4.385575,0.169231,-0.299922,-3.974016,-4.869741,2.824421,-3.230174,16.632638
62,12.382788,4.191579,0.102407,-0.337903,-3.833659,-5.030261,3.120259,-3.165853,16.632638
63,12.582510,3.994367,0.027418,-0.373574,-3.669637,-5.196679,3.350477,-3.189112,16.632638
64,12.782233,3.796841,-0.054116,-0.402611,-3.484628,-5.372778,3.635279,-3.250149,16.632638
65,12.981955,3.604265,-0.138540,-0.419372,-3.277574,-5.557896,4.008228,-3.393168,16.632638
66,13.181677,3.423855,-0.220357,-0.418623,-3.048974,-5.751418,4.518284,-3.620985,16.632638
67,13.381400,3.262495,-0.293846,-0.397261,-2.799662,-5.951218,5.229006,-3.826102,16.632638
68,13.581122,3.124076,-0.355140,-0.356012,-2.527947,-6.150034,6.086998,-3.905340,16.632638
69,13.780845,3.008593,-0.403230,-0.299782,-2.232628,-6.339507,6.990034,-3.772136,16.632638
70,13.980567,2.913972,-0.439011,-0.234344,-1.913588,-6.511675,7.789169,-3.418500,16.632638
71,14.180289,2.837684,-0.464033,-0.165618,-1.572699,-6.661284,8.217567,-2.971094,16.632638
72,14.380012,2.777059,-0.480262,-0.103198,-1.215316,-6.790497,8.262849,-2.458905,16.632638
73,14.579734,2.730978,-0.489844,-0.055728,-0.845862,-6.900441,8.195641,-1.695615,16.632638
74,14.779456,2.700542,-0.494735,-0.024575,-0.465387,-6.979159,8.079847,-0.721486,16.632638
75,14.979179,2.687509,-0.496657,-0.007304,-0.077380,-7.013806,7.960446,0.638486,16.632638
76,15.178901,2.693275,-0.496972,0.001926,0.312706,-6.982518,7.943931,1.679933,16.632638
77,15.378624,2.717736,-0.495941,0.016077,0.697434,-6.901158,8.154313,2.309073,16.632638
78,15.578346,2.758719,-0.492116,0.048407,1.074615,-6.794351,8.470752,2.735942,16.632638
79,15.778068,2.813580,-0.483124,0.104355,1.443682,-6.675147,8.610014,3.104713,16.632638
80,15.977791,2.881257,-0.466442,0.180526,1.802670,-6.545699,8.176452,3.603858,16.632638
81,16.177513,2.963614,-0.439422,0.266245,2.143919,-6.395290,7.139650,4.012370,16.632638
82,16.377236,3.065528,-0.398963,0.346229,2.460010,-6.217651,5.897999,4.062686,16.632638
83,16.576958,3.193305,-0.342315,0.403462,2.749348,-6.018348,4.916097,3.813621,16.632638
84,16.776680,3.349884,-0.270174,0.426191,3.016361,-5.811216,4.279893,3.599547,16.632638
85,16.976403,3.530382,-0.189063,0.414010,3.262431,-5.604262,3.898245,3.552191,16.632638
86,17.176125,3.724215,-0.108545,0.376942,3.486355,-5.400216,3.630740,3.653490,16.632638
87,17.375847,3.921878,-0.035711,0.328296,3.686461,-5.198855,3.396038,3.810710,16.632638
88,17.575570,4.118321,0.026679,0.277681,3.863192,-5.000544,3.227006,3.900896,16.632638
89,17.775292,4.311787,0.078522,0.229671,4.021553,-4.809114,3.108709,3.913869,16.632638
90,17.975015,4.502052,0.120732,0.186460,4.166035,-4.627211,2.959675,3.915380,16.632638
91,18.174737,4.689462,0.154642,0.149445,4.297114,-4.453805,2.336077,4.257921,16.632638
92,18.374459,4.873911,0.181665,0.118726,4.396244,-4.273123,1.545912,4.692292,16.632638
93,18.574182,5.054561,0.203003,0.093065,4.459316,-4.081680,0.757947,5.106131,16.632638
94,18.773904,5.230262,0.219429,0.069953,4.489080,-3.881164,-0.024792,5.503634,16.632638
95,18.973627,5.400042,0.231217,0.047388,4.488143,-3.672991,-0.799258,5.873177,16.632638
96,19.173349,5.563532,0.238507,0.025659,4.458933,-3.458350,-1.559258,6.211563,16.632638
97,19.373071,5.720552,0.241587,0.005370,4.403682,-3.238248,-2.303789,6.535175,16.632638
98,19.572794,5.870608,0.240653,-0.015014,4.324468,-3.013540,-3.032513,6.849165,16.632638
99,19.772516,6.013241,0.235491,-0.037529,4.223263,-2.784961,-3.730797,7.126581,16.632638
100,19.972238,6.148646,0.225728,-0.061121,4.101904,-2.553140,-4.381977,7.348149,16.632638
101,20.171961,6.277328,0.211436,-0.082481,3.962050,-2.318620,-4.992265,7.536468,16.632638
102,20.371683,6.399327,0.193198,-0.100487,3.805226,-2.081873,-5.575275,7.717454,16.632638
103,20.571406,6.514287,0.171530,-0.117037,3.632889,-1.843319,-6.131973,7.893684,16.632638
104,20.771128,6.621901,0.146469,-0.135152,3.446463,-1.603334,-6.642876,8.041727,16.632638
105,20.970850,6.722235,0.117525,-0.155446,3.247320,-1.362256,-7.086043,8.139198,16.632638
106,21.170573,6.815603,0.084489,-0.173580,3.036753,-1.120393,-7.476381,8.207984,16.632638
107,21.370295,6.902013,0.048294,-0.184128,2.815991,-0.878028,-7.847052,8.286322,16.632638
108,21.570018,6.981094,0.010832,-0.185026,2.586251,-0.635427,-8.210474,8.386446,16.632638
109,21.769740,7.052470,-0.025902,-0.177811,2.348752,-0.392839,-8.549518,8.489760,16.632638
110,21.969462,7.116033,-0.060642,-0.167540,2.104702,-0.150494,-8.829895,8.562452,16.632638
111,22.169185,7.171965,-0.093460,-0.159904,1.855268,0.091385,-9.039502,8.594236,16.632638
112,22.368907,7.220474,-0.125226,-0.156618,1.601573,0.332584,-9.179508,8.587641,16.632638
113,22.568629,7.261696,-0.156872,-0.157843,1.344702,0.572892,-9.264191,8.556911,16.632638
114,22.768352,7.295667,-0.189259,-0.161944,1.085725,0.812097,-9.323089,8.529493,16.632638
115,22.968074,7.322323,-0.222504,-0.165293,0.825700,1.049989,-9.363183,8.511315,16.632638
116,23.167797,7.341642,-0.256104,-0.165576,0.565677,1.286355,-9.395873,8.512161,16.632638
117,23.367519,7.353665,-0.289114,-0.160793,0.306689,1.520984,-9.389976,8.503188,16.632638
118,23.567241,7.358542,-0.320492,-0.151856,0.049737,1.753670,-9.289734,8.433318,16.632638
119,23.766964,7.356431,-0.349972,-0.142604,-0.204190,1.984188,-9.116738,8.321261,16.632638
120,23.966686,7.347408,-0.377794,-0.134497,-0.454106,2.212297,-8.921842,8.212461,16.632638
121,24.166409,7.331580,-0.403990,-0.125972,-0.699028,2.437745,-8.719074,8.119221,16.632638
122,24.366131,7.309147,-0.428170,-0.115140,-0.937992,2.660269,-8.488810,8.022728,16.632638
123,24.565853,7.280331,-0.449774,-0.101461,-1.170068,2.879602,-8.185067,7.878257,16.632638
124,24.765576,7.245201,-0.468460,-0.086704,-1.394327,3.095456,-7.791699,7.667457,16.632638
125,24.965298,7.203661,-0.484389,-0.073279,-1.609808,3.307500,-7.359238,7.436715,16.632638
126,25.165020,7.155789,-0.497854,-0.061064,-1.815513,3.515371,-6.925366,7.222590,16.632638
127,25.364743,7.101941,-0.508832,-0.048088,-2.010453,3.718677,-6.480520,7.015057,16.632638
128,25.564465,7.042510,-0.516976,-0.032971,-2.193676,3.917013,-5.999424,6.785794,16.632638
129,25.764188,6.977714,-0.521865,-0.015805,-2.364251,4.109947,-5.471816,6.520036,16.632638
130,25.963910,6.907633,-0.523194,0.002593,-2.521234,4.297003,-4.906021,6.222936,16.632638
131,26.163632,6.832378,-0.520781,0.021709,-2.663650,4.477647,-4.315048,5.905869,16.632638
132,26.363355,6.752207,-0.514467,0.041727,-2.790505,4.651269,-3.706893,5.576260,16.632638
133,26.563077,6.667530,-0.504015,0.063371,-2.900809,4.817199,-3.075609,5.221992,16.632638
134,26.762800,6.578634,-0.489060,0.086693,-2.993578,4.974709,-2.407278,4.811369,16.632638
135,26.962522,6.485249,-0.469318,0.109288,-3.067754,5.122963,-1.709037,4.338848,16.632638
136,27.162244,6.386817,-0.445053,0.127190,-3.122109,5.260958,-1.007073,3.843900,16.632638
137,27.361967,6.283480,-0.417303,0.138589,-3.155266,5.387513,-0.312287,3.357822,16.632638
138,27.561689,6.176364,-0.387395,0.145093,-3.165850,5.501314,0.381651,2.879223,16.632638
139,27.761411,6.066997,-0.356254,0.149865,-3.152638,5.600987,1.081554,2.391529,16.632638
140,27.961134,5.956764,-0.324117,0.155555,-3.114591,5.685116,1.786378,1.878546,16.632638
141,28.160856,5.846675,-0.290723,0.162945,-3.050796,5.752202,2.127568,1.788699,16.632638
142,28.360579,5.737349,-0.255745,0.171551,-2.973577,5.817122,2.395924,1.773973,16.632638
143,28.560301,5.629311,-0.218959,0.181649,-2.885213,5.882548,2.668819,1.734217,16.632638
144,28.760023,5.523075,-0.180015,0.193642,-2.785213,5.947529,2.814131,1.843277,16.632638
145,28.959746,5.419020,-0.138564,0.207016,-2.678014,6.017745,2.889511,2.031846,16.632638
146,29.159468,5.317484,-0.094377,0.221671,-2.566122,6.096425,3.013185,2.129301,16.632638
147,29.359191,5.218852,-0.047190,0.238020,-2.447568,6.180203,3.163279,2.157362,16.632638
148,29.558913,5.123558,0.003287,0.255596,-2.321144,6.266424,3.327246,2.134527,16.632638
149,29.758635,5.032192,0.057032,0.272396,-2.186255,6.352959,3.518455,2.043636,16.632638
150,29.958358,4.945544,0.113517,0.287136,-2.042053,6.436717,3.711567,1.925659,16.632638
151,30.158080,4.864439,0.172087,0.299705,-1.888895,6.516179,3.883782,1.823319,16.632638
152,30.357802,4.789639,0.232024,0.309834,-1.728267,6.591589,4.050078,1.742385,16.632638
153,30.557525,4.722017,0.292210,0.314865,-1.561780,6.663213,4.264579,1.657912,16.632638
154,30.757247,4.662726,0.350252,0.308855,-1.390489,6.729805,4.561828,1.538225,16.632638
155,30.956970,4.612634,0.402865,0.287206,-1.215086,6.788950,4.932086,1.360671,16.632638
156,31.156692,4.571829,0.447197,0.248817,-1.036304,6.838273,5.333205,1.142203,16.632638
157,31.356414,4.539727,0.481437,0.194732,-0.855284,6.877041,5.633638,1.128857,16.632638
158,31.556137,4.515256,0.504878,0.128328,-0.675122,6.913142,5.786813,1.311222,16.632638
159,31.755859,4.497286,0.517538,0.053880,-0.497810,6.953319,5.850153,1.264489,16.632638
160,31.955582,4.484992,0.519521,-0.025015,-0.322441,6.991224,5.788475,0.824337,16.632638
161,32.155304,4.477904,0.510779,-0.103934,-0.148035,7.016061,5.536943,0.192203,16.632638
162,32.355026,4.475982,0.491044,-0.176565,0.025215,7.022075,5.152839,-0.367773,16.632638
163,32.554749,4.479673,0.460206,-0.237760,0.196632,7.009841,4.781308,-0.621268,16.632638
164,32.754471,4.489680,0.418724,-0.286411,0.366549,6.987762,4.449562,-0.759618,16.632638
165,32.954193,4.506687,0.367551,-0.323872,0.534519,6.959087,4.152104,-0.847238,16.632638
166,33.153916,4.531238,0.307823,-0.351854,0.699707,6.925380,3.871587,-0.906907,16.632638
167,33.353638,4.563740,0.240725,-0.370763,0.860962,6.887607,3.590670,-0.946816,16.632638
168,33.553361,4.604517,0.167834,-0.376004,1.016903,6.846487,3.337556,-0.979088,16.632638
169,33.753083,4.653294,0.092874,-0.362513,1.166055,6.802733,3.140672,-1.006373,16.632638
170,33.952805,4.708848,0.020931,-0.334250,1.307148,6.757522,2.962358,-1.046807,16.632638
171,34.152528,4.769879,-0.044877,-0.301344,1.438827,6.710990,2.754345,-1.103374,16.632638
172,34.352250,4.835675,-0.104391,-0.272465,1.559704,6.662568,2.503922,-1.164356,16.632638
173,34.551973,4.905883,-0.159035,-0.250450,1.668613,6.611924,2.231655,-1.218203,16.632638
174,34.751695,4.979882,-0.209902,-0.231799,1.764807,6.559414,1.981077,-1.208213,16.632638
175,34.951417,5.056666,-0.256875,-0.211958,1.848994,6.508070,1.794821,-1.043010,16.632638
176,35.151140,5.135455,-0.299418,-0.190436,1.923954,6.464509,1.660982,-0.746055,16.632638
177,35.350862,5.215827,-0.337340,-0.168470,1.992133,6.433886,1.524745,-0.437314,16.632638
178,35.550584,5.297381,-0.370553,-0.146222,2.053605,6.416255,1.298422,-0.281671,16.632638
179,35.750307,5.379757,-0.399046,-0.124181,2.105044,6.405096,1.007859,-0.224133,16.632638
180,35.950029,5.462701,-0.423064,-0.103688,2.144388,6.396346,0.698880,-0.186899,16.632638
181,36.149752,5.545905,-0.443074,-0.085582,2.171336,6.389140,0.352355,-0.213858,16.632638
182,36.349474,5.628817,-0.459513,-0.069390,2.184749,6.380999,-0.033145,-0.309781,16.632638
183,36.549196,5.710922,-0.472722,-0.055008,2.183503,6.369354,-0.407806,-0.390924,16.632638
184,36.748919,5.791911,-0.483184,-0.043308,2.168324,6.354803,-0.674376,-0.292514,16.632638
185,36.948641,5.871555,-0.491550,-0.034996,2.143411,6.343997,-0.802982,0.037858,16.632638
186,37.148364,5.949561,-0.498498,-0.029507,2.113986,6.345384,-0.912312,0.396798,16.632638
187,37.348086,6.025428,-0.504370,-0.024577,2.080987,6.359737,-1.051625,0.693929,16.632638
188,37.547808,6.098832,-0.509060,-0.018744,2.043556,6.384436,-1.204271,0.942748,16.632638
189,37.747531,6.169840,-0.512438,-0.012713,2.001273,6.417537,-1.376723,1.119796,16.632638
190,37.947253,6.238559,-0.514603,-0.007585,1.953428,6.456453,-1.571231,1.216291,16.632638
191,38.146975,6.304961,-0.515819,-0.003948,1.899267,6.498379,-1.872360,1.061952,16.632638
192,38.346698,6.368817,-0.516411,-0.001697,1.835237,6.534695,-2.185866,0.843732,16.632638
193,38.546420,6.429712,-0.516590,0.000066,1.761214,6.563267,-2.305554,0.990753,16.632638
194,38.746143,6.487426,-0.516377,0.001920,1.683969,6.596461,-2.402180,1.136922,16.632638
195,38.945865,6.541939,-0.515742,0.004035,1.604323,6.634157,-2.459565,1.325948,16.632638
196,39.145587,6.593214,-0.514577,0.006988,1.523687,6.677628,-2.577875,1.324098,16.632638
197,39.345310,6.641185,-0.512626,0.011580,1.440241,6.720489,-2.760566,1.099220,16.632638
198,39.545032,6.685777,-0.509488,0.018275,1.352072,6.755597,-2.912991,0.868348,16.632638
199,39.744755,6.726986,-0.504745,0.026811,1.260163,6.782994,-2.991519,0.756261,16.632638
200,39.944477,6.764857,-0.498069,0.036904,1.166804,6.806595,-3.000641,0.771437,16.632638
201,40.144199,6.799472,-0.489151,0.048476,1.074102,6.830428,-2.970607,0.844807,16.632638
202,40.343922,6.830934,-0.477702,0.061798,0.983245,6.856267,-2.945916,0.860237,16.632638
203,40.543644,6.859294,-0.463312,0.078171,0.894250,6.882254,-2.937272,0.753861,16.632638
204,40.743366,6.884651,-0.445310,0.098444,0.806671,6.904732,-2.919556,0.556649,16.632638
205,40.943089,6.907204,-0.422967,0.121770,0.720436,6.921174,-2.887481,0.277066,16.632638
206,41.142811,6.927126,-0.395758,0.147071,0.635595,6.929314,-2.787604,0.150846,16.632638
207,41.342534,6.944608,-0.363304,0.172253,0.553641,6.933749,-2.611429,0.261897,16.632638
208,41.542256,6.959861,-0.325730,0.193796,0.476291,6.941507,-2.391548,0.644691,16.632638
209,41.741978,6.972978,-0.283893,0.212438,0.405106,6.960696,-2.212435,0.840198,16.632638
210,41.941701,6.984044,-0.238205,0.232007,0.339330,6.985675,-2.113334,0.342624,16.632638
211,42.141423,6.993191,-0.188337,0.253473,0.276562,6.995851,-1.991848,-0.178078,16.632638
212,42.341146,7.000551,-0.133984,0.272683,0.217176,6.990542,-1.854274,-0.718735,16.632638
213,42.540868,7.006234,-0.076448,0.278220,0.161519,6.968969,-1.726073,-1.290115,16.632638
214,42.740590,7.010294,-0.020479,0.256811,0.109886,6.930377,-1.622560,-1.920515,16.632638
215,42.940313,7.012812,0.027011,0.206633,0.062471,6.874255,-1.521491,-2.608389,16.632638
216,43.140035,7.013971,0.061768,0.145053,0.019350,6.800331,-1.388896,-3.297924,16.632638
217,43.339757,7.013971,0.085127,0.098907,-0.019417,6.708278,-1.228108,0.489952,16.632638
218,43.539480,7.012944,0.102513,0.083779,-0.053842,6.722012,-1.065227,4.095344,16.632638
219,43.739202,7.010991,0.119900,0.094531,-0.084022,6.838041,-0.908557,3.343014,16.632638
220,43.938925,7.008219,0.141040,0.118166,-0.109982,6.933558,-0.751724,2.562324,16.632638
221,44.138647,7.004729,0.168097,0.152185,-0.131696,7.007574,-0.592930,1.741267,16.632638
222,44.338369,7.000588,0.204098,0.200788,-0.149178,7.058913,-0.445514,0.916061,16.632638
223,44.538092,6.995928,0.251093,0.249724,-0.162501,7.086307,-0.323041,0.093454,16.632638
224,44.737814,6.991067,0.303859,0.267711,-0.171892,7.089023,-0.219660,-0.800814,16.632638
225,44.937537,6.986373,0.351679,0.239739,-0.177789,7.067523,-0.120043,-1.818625,16.632638
226,45.137259,6.981994,0.387320,0.175828,-0.180722,7.023094,-0.019676,-2.904941,16.632638
227,45.336981,6.977872,0.408812,0.092870,-0.181170,6.956928,0.057212,2.789203,16.632638
228,45.536704,6.973860,0.416452,0.006544,-0.179899,7.018916,0.135329,1.819320,16.632638
229,45.736426,6.969841,0.411049,-0.073835,-0.176850,7.059906,0.199148,0.818738,16.632638
230,45.936148,6.965791,0.393098,-0.147208,-0.172229,7.078904,0.246214,-0.181584,16.632638
231,46.135871,6.961694,0.362797,-0.212081,-0.166269,7.074508,0.272490,-1.154976,16.632638
232,46.335593,6.957510,0.320491,-0.261437,-0.159264,7.044818,0.275880,-2.070679,16.632638
233,46.535316,6.953191,0.268203,-0.279132,-0.151598,6.987278,0.809966,1.675333,16.632638
234,46.735038,6.949011,0.213417,-0.242382,-0.127320,7.037495,0.775196,0.607166,16.632638
235,46.934760,6.945434,0.170640,-0.149913,-0.103268,7.056334,0.757439,-0.428035,16.632638
236,47.134483,6.942626,0.150312,-0.044225,-0.080072,7.043226,0.732001,-1.501199,16.632638
237,47.334205,6.940571,0.149489,0.028911,-0.058329,6.998636,0.683647,-2.610733,16.632638
238,47.533927,6.939172,0.159064,0.060818,-0.038589,6.923250,1.020486,-1.930006,16.632638
239,47.733650,6.938488,0.171840,0.066703,-0.009698,6.868610,0.923250,-3.008966,16.632638
240,47.933372,6.938579,0.184492,0.062886,0.016188,6.784247,0.801528,-4.084591,16.632638
241,48.133095,6.939344,0.196139,0.057344,0.038581,6.670131,0.661011,-5.167753,16.632638
242,48.332817,6.940676,0.206640,0.051055,0.057002,6.526117,0.503697,-6.266947,16.632638
243,48.532539,6.942453,0.215740,0.043047,0.070992,6.352054,0.329532,-7.372843,16.632638
244,48.732262,6.944547,0.223144,0.033880,0.080122,6.147781,0.139672,-8.473118,16.632638
245,48.931984,6.946820,0.228798,0.025104,0.083991,5.913088,-0.063571,-9.565422,16.632638
246,49.131707,6.949126,0.232911,0.017911,0.082227,5.647691,-0.277971,-10.664300,16.632638
247,49.331429,6.951303,0.235760,0.011525,0.074504,5.351413,-0.501989,-11.780174,16.632638
248,49.531151,6.953176,0.237225,0.003044,0.060581,5.024685,-0.732865,-12.903538,16.632638
249,49.730874,6.954570,0.236665,-0.009658,0.040331,4.668144,-0.965934,-14.009468,16.632638
250,49.930596,6.955315,0.233223,-0.027106,0.013737,4.282435,-1.194805,-15.064733,16.632638
251,50.130318,6.955241,0.226054,-0.048329,-0.019120,3.868150,-1.412529,-16.042203,16.632638
252,50.330041,6.954176,0.214593,-0.071414,-0.058072,3.425776,-1.614594,-16.948092,16.632638
253,50.529763,6.951944,0.198556,-0.095099,-0.102855,2.955695,-1.794835,-17.769286,16.632638
254,50.729486,6.948361,0.177881,-0.117212,-0.153106,2.458194,9.196292,2.350117,16.632638
255,50.929208,6.947716,0.153137,-0.133267,0.107558,2.524807,8.165816,1.440232,16.632638
256,51.128930,6.954149,0.125832,-0.140248,0.341526,2.566073,7.205357,0.595847,16.632638
257,51.328653,6.966987,0.097792,-0.139034,0.549215,2.583248,6.309244,-0.191118,16.632638
258,51.528375,6.985451,0.070468,-0.132989,0.731183,2.577736,5.457168,-0.928028,16.632638
259,51.728098,7.008734,0.044500,-0.125989,0.888115,2.551049,4.631872,-1.617128,16.632638
260,51.927820,7.036068,0.019847,-0.120021,1.020765,2.504736,3.827903,-2.258256,16.632638
261,52.127542,7.066732,-0.003688,-0.114580,1.129920,2.440341,3.046933,-2.852710,16.632638
262,52.327265,7.100025,-0.026056,-0.108139,1.216389,2.359383,2.290375,-3.402813,16.632638
263,52.526987,7.135260,-0.046931,-0.099759,1.281017,2.263366,1.557846,-3.909955,16.632638
264,52.726709,7.171779,-0.065887,-0.089248,1.324684,2.153769,0.848052,-4.371956,16.632638
265,52.926432,7.208991,-0.082609,-0.078155,1.348296,2.032040,0.161465,-4.784546,16.632638
266,53.126154,7.246380,-0.097253,-0.068761,1.352766,1.899583,-0.499573,-5.149171,16.632638
267,53.325877,7.283451,-0.110242,-0.061429,1.339006,1.757755,-1.133740,-5.469224,16.632638
268,53.525599,7.319719,-0.121906,-0.055363,1.307937,1.607878,-1.740874,-5.748258,16.632638
269,53.725321,7.354712,-0.132372,-0.049208,1.260500,1.451243,-2.319391,-5.983113,16.632638
270,53.925044,7.388018,-0.141554,-0.042874,1.197648,1.289110,-2.863812,-6.163560,16.632638
271,54.124766,7.419309,-0.149632,-0.038508,1.120330,1.122704,-3.372697,-6.291943,16.632638
272,54.324489,7.448264,-0.157166,-0.037256,1.029479,0.953217,-1.362848,-4.184920,16.632638
273,54.524211,7.475428,-0.164670,-0.037693,0.992868,0.840795,-0.300477,-2.422347,16.632638
274,54.723933,7.501872,-0.172205,-0.037196,0.984833,0.776016,-0.914586,-2.439193,16.632638
275,54.923656,7.527740,-0.179409,-0.034588,0.960509,0.711146,-1.498030,-2.412561,16.632638
276,55.123378,7.552633,-0.185926,-0.030611,0.920867,0.647303,-2.049076,-2.341744,16.632638
277,55.323100,7.576193,-0.191592,-0.026230,0.866859,0.585581,-2.566777,-2.227425,16.632638
278,55.522823,7.598083,-0.196398,-0.022068,0.799420,0.527058,-3.051930,-2.071389,16.632638
279,55.722545,7.617976,-0.200393,-0.017981,0.719476,0.472799,-3.502468,-1.872768,16.632638
280,55.922268,7.635582,-0.203592,-0.014307,0.627946,0.423858,-3.913169,-1.629815,16.632638
281,56.121990,7.650650,-0.206223,-0.012477,0.525733,0.381286,-4.286044,-1.344853,16.632638
282,56.321712,7.662925,-0.208734,-0.012974,0.413726,0.346142,-4.626338,-1.020076,16.632638
283,56.521435,7.672157,-0.211517,-0.014935,0.292821,0.319483,-4.940916,-0.656387,16.632638
284,56.721157,7.678115,-0.214670,-0.016184,0.163921,0.302359,-5.229381,-0.252261,16.632638
285,56.920880,7.680610,-0.217820,-0.014892,0.027947,0.295800,-5.479339,0.193818,16.632638
286,57.120602,7.679491,-0.220473,-0.011525,-0.114183,0.300827,-5.681179,0.680535,16.632638
287,57.320324,7.674618,-0.222394,-0.007902,-0.261560,0.318481,-5.832204,1.205449,16.632638
288,57.520047,7.665840,-0.223735,-0.005967,-0.413284,0.349841,-5.943905,1.769084,16.632638
289,57.719769,7.653026,-0.224890,-0.005727,-0.568449,0.396022,-6.028006,2.375245,16.632638
290,57.919491,7.636094,-0.226018,-0.005379,-0.726131,0.458154,-6.080476,3.024298,16.632638
291,58.119214,7.614990,-0.226952,-0.003702,-0.885386,0.537364,-6.095453,3.714657,16.632638
292,58.318936,7.589672,-0.227378,-0.000256,-1.045255,0.634791,-6.069448,4.444708,16.632638
293,58.518659,7.560107,-0.226934,0.005012,-1.204756,0.751595,-5.995728,5.209281,16.632638
294,58.718381,7.526249,-0.225314,0.011334,-1.362883,0.888981,-5.869962,6.003037,16.632638
295,58.918103,7.488031,-0.222437,0.017423,-1.518592,1.048219,-5.694650,6.805540,16.632638
296,59.117826,7.445412,-0.218440,0.022398,-1.670786,1.230104,-5.484029,7.550067,16.632638
297,59.317548,7.398477,-0.213475,0.027675,-1.818328,1.433229,-5.274986,8.272606,16.632638
298,59.517271,7.347713,-0.206879,0.041449,-1.960070,1.655520,-5.104225,9.051376,16.632638
299,59.716993,7.294141,-0.195665,0.080807,-2.094936,1.894680,-4.936024,9.853103,16.632638
300,59.916715,7.238579,-0.173672,0.163922,-2.221997,2.148313,-4.569111,10.272186,16.632638
301,60.116438,7.179529,-0.132287,0.288095,-2.340274,2.414222,-3.834498,9.820487,16.632638
302,60.316160,7.112161,-0.063051,0.406118,-2.448168,2.690547,-3.083114,9.225647,16.632638
303,60.515882,7.034882,0.029766,0.451730,-2.543629,2.976195,-2.628597,9.483179,16.632638
304,60.715605,6.955230,0.121262,0.413304,-2.624651,3.268498,-2.294308,10.308364,16.632638
305,60.915327,6.878965,0.194009,0.333478,-2.690491,3.564321,-1.874606,10.989149,16.632638
306,61.115050,6.805653,0.246790,0.245506,-2.741096,3.860968,-1.360765,11.390219,16.632638
307,61.314772,6.734196,0.281835,0.155675,-2.776343,4.156002,-0.782244,11.574330,16.632638
308,61.514494,6.664081,0.300218,0.061722,-2.796028,4.447273,-0.144463,11.255787,16.632638
309,61.714217,6.593156,0.302974,-0.025634,-2.799690,4.732605,0.497132,10.087993,16.632638
310,61.913939,6.516599,0.293099,-0.073180,-2.786063,5.009130,1.084200,8.636074,16.632638
311,62.113662,6.431812,0.279246,-0.055661,-2.752870,5.273523,1.676301,7.536388,16.632638
312,62.313384,6.342192,0.273933,0.009197,-2.697746,5.521354,2.323257,6.705957,16.632638
313,62.513106,6.252454,0.283991,0.084615,-2.619325,5.747711,3.019803,5.929366,16.632638
314,62.712829,6.165659,0.308483,0.145849,-2.517272,5.948091,3.759492,5.112716,16.632638
315,62.912551,6.083883,0.342312,0.183426,-2.392025,6.118421,4.533222,4.203191,16.632638
316,63.112273,6.008492,0.379928,0.198191,-2.244606,6.255107,5.225136,3.336808,16.632638
317,63.311996,5.940229,0.416973,0.194554,-2.079638,6.360457,5.296837,3.440011,16.632638
318,63.511718,5.878966,0.450671,0.177829,-1.917260,6.465913,5.456675,3.238923,16.632638
319,63.711441,5.824193,0.479448,0.151908,-1.754462,6.562545,5.551244,2.995580,16.632638
320,63.911163,5.775428,0.502384,0.119379,-1.592707,6.649832,5.661754,2.489168,16.632638
321,64.110885,5.732182,0.519013,0.082236,-1.430744,6.721039,5.688781,1.963706,16.632638
322,64.310608,5.694129,0.528992,0.041017,-1.270462,6.776366,5.552287,1.667012,16.632638
323,64.510330,5.660895,0.531972,-0.004007,-1.115806,6.822800,5.274727,1.581136,16.632638
324,64.710053,5.631896,0.527667,-0.050843,-0.969072,6.866784,4.950642,1.393767,16.632638
325,64.909775,5.606556,0.515978,-0.096404,-0.829578,6.906056,4.614189,1.055980,16.632638
326,65.109497,5.584550,0.496996,-0.138601,-0.696509,6.936510,4.262186,0.658974,16.632638
327,65.309220,5.565740,0.470950,-0.176244,-0.569893,6.956086,3.871171,0.368809,16.632638
328,65.508942,5.550048,0.438213,-0.208069,-0.450873,6.967425,3.450294,0.259564,16.632638
329,65.708664,5.537431,0.399439,-0.233220,-0.340914,6.975697,3.038540,0.263862,16.632638
330,65.908387,5.527866,0.355585,-0.253186,-0.241028,6.984371,2.659384,0.326913,16.632638
331,66.108109,5.521280,0.307416,-0.273764,-0.151867,6.995332,2.307654,0.366803,16.632638
332,66.307832,5.517460,0.254391,-0.303890,-0.073717,7.007754,1.983831,0.187280,16.632638
333,66.507554,5.516098,0.193745,-0.347579,-0.005364,7.014206,1.582509,0.143293,16.632638
334,66.707276,5.516928,0.121590,-0.396196,0.051539,7.019359,1.142118,0.127113,16.632638
335,66.906999,5.519731,0.036388,-0.431504,0.095180,7.024216,0.716137,0.140399,16.632638
336,67.106721,5.524111,-0.057178,-0.437714,0.123822,7.029831,0.310715,-0.027259,16.632638
337,67.306444,5.529342,-0.149369,-0.413011,0.136319,7.028735,-0.061938,-0.170284,16.632638
338,67.506166,5.534646,-0.232336,-0.368765,0.133887,7.022049,-0.457330,-0.423606,16.632638
339,67.705888,5.539428,-0.303614,-0.318321,0.116414,7.005865,-0.877528,-0.726813,16.632638
340,67.905611,5.543180,-0.363783,-0.269048,0.083474,6.978582,-1.282600,-0.477488,16.632638
341,68.105333,5.545395,-0.413841,-0.222381,0.035835,6.960847,-1.667857,0.166865,16.632638
342,68.305055,5.545584,-0.454377,-0.177232,-0.025604,6.966994,-2.024757,0.342948,16.632638
343,68.504778,5.543289,-0.485723,-0.132967,-0.099739,6.979551,-2.339214,0.031509,16.632638
344,68.704500,5.538078,-0.508243,-0.090135,-0.185273,6.980703,-2.599268,-0.214006,16.632638
345,68.904223,5.529521,-0.522386,-0.049673,-0.280734,6.972843,-2.798596,-0.393872,16.632638
346,69.103945,5.517194,-0.528662,-0.012234,-0.384459,6.958245,-2.940624,-0.520177,16.632638
347,69.303667,5.500739,-0.527552,0.022640,-0.494552,6.938770,-3.029110,-0.633771,16.632638
348,69.503390,5.479904,-0.519376,0.056056,-0.608942,6.914837,-3.055267,-0.745281,16.632638
349,69.703112,5.454455,-0.504327,0.088058,-0.725474,6.886411,-3.010034,-0.855231,16.632638
350,69.902835,5.424133,-0.482676,0.117438,-0.841934,6.853321,-2.930435,-0.842753,16.632638
351,70.102557,5.388729,-0.454951,0.143216,-0.957263,6.820154,-2.914799,-0.432322,16.632638
352,70.302279,5.348113,-0.421873,0.165605,-1.073838,6.802864,-2.777636,-0.328744,16.632638
353,70.502002,5.302333,-0.384134,0.185833,-1.186359,6.789547,-2.517230,-0.490445,16.632638
354,70.701724,5.251691,-0.342185,0.205188,-1.289343,6.769482,-2.204272,-0.672516,16.632638
355,70.901446,5.196558,-0.296236,0.223822,-1.380383,6.741706,-1.880746,-0.764617,16.632638
356,71.101169,5.137303,-0.246546,0.240738,-1.458885,6.709791,-1.571949,-0.732264,16.632638
357,71.300891,5.074376,-0.193666,0.254962,-1.525183,6.678907,-1.274065,-0.616732,16.632638
358,71.500614,5.008378,-0.138352,0.266750,-1.579352,6.652685,-0.963478,-0.489333,16.632638
359,71.700336,4.939961,-0.081237,0.276626,-1.620553,6.631761,-0.639341,-0.361393,16.632638
360,71.900058,4.869801,-0.022918,0.284191,-1.648000,6.616246,-0.317763,-0.208030,16.632638
361,72.099781,4.798654,0.035877,0.288909,-1.661662,6.607302,-0.012101,-0.009827,16.632638
362,72.299503,4.727329,0.094290,0.289979,-1.662181,6.606880,0.285477,0.207161,16.632638
363,72.499226,4.656639,0.151348,0.287268,-1.649995,6.615723,0.603122,0.369911,16.632638
364,72.698948,4.587287,0.206353,0.281978,-1.624447,6.631392,0.962961,0.418096,16.632638
365,72.898670,4.520052,0.258752,0.273521,-1.584089,6.648915,1.336957,0.422605,16.632638
366,73.098393,4.456054,0.307364,0.257979,-1.529122,6.666290,1.650828,0.570795,16.632638
367,73.298115,4.396307,0.350430,0.232396,-1.463198,6.689083,1.917823,0.796198,16.632638
368,73.497837,4.341012,0.386777,0.199076,-1.388833,6.719957,2.195791,0.864629,16.632638
369,73.697560,4.289695,0.416441,0.163957,-1.305180,6.752897,2.432861,0.838194,16.632638
370,73.897282,4.241792,0.440357,0.132918,-1.212606,6.784791,2.586235,0.829629,16.632638
371,74.097005,4.197028,0.459877,0.109496,-1.113048,6.816728,2.676044,0.867218,16.632638
372,74.296727,4.155694,0.476222,0.092431,-1.008785,6.850516,2.754496,0.842964,16.632638
373,74.496449,4.118325,0.489980,0.077891,-0.900991,6.883505,2.802834,0.738227,16.632638
374,74.696172,4.085144,0.501413,0.064647,-0.791065,6.912458,2.797018,0.621981,16.632638
375,74.895894,4.056288,0.510689,0.051402,-0.681440,6.936835,2.729908,0.495067,16.632638
376,75.095617,4.031752,0.517677,0.036995,-0.574806,6.956173,2.562921,0.378497,16.632638
377,75.295339,4.011185,0.522434,0.023907,-0.474317,6.971014,2.334650,0.027352,16.632638
378,75.495061,3.994244,0.525387,0.013870,-0.381936,6.972096,2.177691,-1.570109,16.632638
379,75.694784,3.980733,0.526963,0.006276,-0.295006,6.909419,1.912768,-3.101151,16.632638
380,75.894506,3.970441,0.527397,-0.001102,-0.218302,6.785061,1.557570,-4.563173,16.632638
381,76.094228,3.962958,0.526447,-0.011689,-0.156029,6.602621,1.115078,-5.944796,16.632638
382,76.293951,3.957631,0.523475,-0.026708,-0.111642,6.365983,0.596397,-7.209837,16.632638
383,76.493673,3.953658,0.517843,-0.045351,-0.087897,6.078926,0.024906,-8.357122,16.632638
384,76.693396,3.950166,0.508989,-0.067465,-0.086902,5.744998,-0.577522,-9.391760,16.632638
385,76.893118,3.946208,0.496281,-0.093584,-0.110109,5.367601,-1.188439,-10.292739,16.632638
386,77.092840,3.940762,0.478972,-0.123823,-0.158328,4.949990,-1.783527,-11.044463,16.632638
387,77.292563,3.932731,0.456238,-0.158240,-0.231764,4.495239,-2.339774,-11.644300,16.632638
388,77.492285,3.920936,0.427130,-0.197388,-0.330016,4.006270,-2.829068,-12.062159,16.632638
389,77.692008,3.904065,0.390436,-0.241468,-0.452069,3.485881,-3.202989,-12.193212,16.632638
390,77.891730,3.880456,0.344589,-0.287086,-0.596329,2.936705,-3.421824,-11.989361,16.632638
391,78.091452,3.847884,0.288386,-0.326145,-0.760603,2.361124,-3.511442,-11.626476,16.632638
392,78.291175,3.803986,0.222532,-0.351289,-0.941705,1.761491,-3.523129,-11.323701,16.632638
393,78.490897,3.747086,0.150148,-0.360737,-1.134788,1.140903,-3.472985,-11.161436,16.632638
394,78.690619,3.676630,0.075353,-0.359285,-1.333089,0.503604,-3.329046,-11.066561,16.632638
395,78.890342,3.592747,0.000760,-0.356369,-1.528275,-0.145240,-3.040143,-10.893619,16.632638
396,79.090064,3.495418,-0.073790,-0.360306,-1.710969,-0.799881,-2.583978,-10.560939,16.632638
397,79.289787,3.384495,-0.150122,-0.373990,-1.871005,-1.453962,-1.981811,-10.122002,16.632638
398,79.489509,3.261012,-0.229488,-0.393011,-1.997523,-2.100146,-1.273046,-9.740375,16.632638
399,79.689231,3.129180,-0.310156,-0.407436,-2.079845,-2.730013,-0.464255,-9.526981,16.632638
400,79.888954,2.996220,-0.387603,-0.409612,-2.109315,-3.334763,0.469328,-9.419226,16.632638
401,80.088676,2.869216,-0.457700,-0.398942,-2.080864,-3.905759,1.556187,-9.505466,16.632638
402,80.288399,2.755590,-0.516899,-0.370388,-1.994079,-4.435861,2.893945,-9.998867,16.632638
403,80.488121,2.662212,-0.561425,-0.313741,-1.853615,-4.921177,4.410563,-10.388493,16.632638
404,80.687843,2.587527,-0.591836,-0.236587,-1.666460,-5.361997,5.745992,-9.978019,16.632638
405,80.887566,2.526086,-0.611574,-0.155769,-1.439100,-5.756811,6.825197,-8.988363,16.632638
406,81.087288,2.475761,-0.622790,-0.078407,-1.176455,-6.102699,7.622447,-7.609802,16.632638
407,81.287010,2.436128,-0.626800,-0.007932,-0.883088,-6.395579,8.111348,-5.972810,16.632638
408,81.486733,2.407668,-0.624558,0.053201,-0.564045,-6.630506,8.362295,-4.257276,16.632638
409,81.686455,2.391683,-0.616790,0.105481,-0.225396,-6.802914,8.281397,-2.476523,16.632638
410,81.886178,2.389563,-0.603927,0.146649,0.125318,-6.907794,7.816449,-0.711276,16.632638
411,82.085900,2.403230,-0.586585,0.171632,0.478905,-6.939969,7.207580,0.872509,16.632638
412,82.285622,2.434490,-0.566043,0.182826,0.824602,-6.898121,6.612200,1.836227,16.632638
413,82.485345,2.484168,-0.543435,0.184489,1.156256,-6.806020,5.892507,2.737299,16.632638
414,82.685067,2.552420,-0.519718,0.178046,1.463314,-6.663380,4.984399,3.873277,16.632638
415,82.884790,2.637775,-0.495889,0.167071,1.729791,-6.456306,4.061609,4.936230,16.632638
416,83.084512,2.736548,-0.472562,0.158992,1.947955,-6.191162,3.134699,5.988008,16.632638
417,83.284234,2.843605,-0.449172,0.163246,2.113224,-5.875461,2.166986,7.008899,16.632638
418,83.483957,2.954568,-0.423673,0.185483,2.224100,-5.516842,1.135527,7.881972,16.632638
419,83.683679,3.067391,-0.393157,0.224257,2.280976,-5.122056,0.071665,8.418040,16.632638
420,83.883401,3.182802,-0.354530,0.268944,2.284599,-4.696466,-0.934076,8.562041,16.632638
421,84.083124,3.302205,-0.305909,0.302838,2.235247,-4.244089,-1.830393,8.549463,16.632638
422,84.282846,3.423799,-0.248730,0.313043,2.133354,-3.768164,-2.652278,8.644108,16.632638
423,84.482569,3.541832,-0.188373,0.296298,1.981183,-3.272219,-3.450496,8.943250,16.632638
424,84.682291,3.649592,-0.131716,0.258742,1.783659,-2.760263,-4.227935,9.391504,16.632638
425,84.882013,3.742534,-0.083513,0.212718,1.547750,-2.236239,-4.933691,9.857821,16.632638
426,85.081736,3.818960,-0.044751,0.170363,1.281172,-1.703600,-5.508621,10.236606,16.632638
427,85.281458,3.878719,-0.013821,0.138340,0.991477,-1.165263,-5.922584,10.493608,16.632638
428,85.481181,3.922000,0.011676,0.117225,0.685823,-0.623706,-6.172893,10.640295,16.632638
429,85.680903,3.948947,0.033766,0.104436,0.371042,-0.081114,-6.264748,10.693559,16.632638
430,85.880625,3.959705,0.053908,0.097931,0.053750,0.460485,-6.200889,10.659369,16.632638
431,86.080348,3.954504,0.073295,0.097196,-0.259587,0.999113,-5.982651,10.535849,16.632638
432,86.280070,3.933682,0.093136,0.102884,-0.562606,1.532750,-5.613206,10.318372,16.632638
433,86.479792,3.897669,0.114844,0.116141,-0.849014,2.059234,-5.102395,10.008342,16.632638
434,86.679515,3.847012,0.139997,0.137222,-1.112551,2.576162,-4.462072,9.605011,16.632638
435,86.879237,3.782405,0.170154,0.166177,-1.346972,3.080775,-3.707100,9.106696,16.632638
436,87.078960,3.704722,0.206943,0.203061,-1.546056,3.569834,-2.872663,8.556371,16.632638
437,87.278682,3.615523,0.251463,0.243795,-1.703750,4.039535,-2.004118,8.053512,16.632638
438,87.478404,3.518090,0.302628,0.278143,-1.814745,4.485567,-1.119447,7.695415,16.632638
439,87.678127,3.417873,0.356138,0.294072,-1.875546,4.903533,-0.192760,7.508036,16.632638
440,87.877849,3.321145,0.405935,0.283884,-1.885461,5.289727,0.817865,7.401358,16.632638
441,88.077572,3.232403,0.447208,0.247675,-1.846566,5.641713,1.908270,7.168438,16.632638
442,88.277294,3.152806,0.478200,0.193341,-1.762391,5.957920,2.990899,6.615159,16.632638
443,88.477016,3.081238,0.499515,0.132304,-1.636434,6.236507,3.960402,5.719194,16.632638
444,88.676739,3.016539,0.512526,0.074054,-1.471546,6.474620,4.767056,4.583204,16.632638
445,88.876461,2.958631,0.518610,0.024168,-1.270177,6.668223,5.412592,3.314281,16.632638
446,89.076183,2.908558,0.519058,-0.015269,-1.035038,6.812205,5.966126,2.004493,16.632638
447,89.275906,2.868448,0.514978,-0.047838,-0.769869,6.901297,6.347902,1.279872,16.632638
448,89.475628,2.840360,0.506822,-0.080711,-0.485901,6.958550,6.497641,0.922107,16.632638
449,89.675351,2.824979,0.494377,-0.111342,-0.190319,7.000498,6.343774,0.246691,16.632638
450,89.875073,2.823167,0.478054,-0.125129,0.115009,7.012371,0.000000,0.000000,16.632638
