%time,field.header.seq,field.header.stamp,field.header.frame_id,field.need_vel_planner,field.state
5978952000000,206412,5978950000000,,0,GB_TRACK
5978968000000,206413,5978967000000,,0,GB_TRACK
5978968000000,206414,5978967000000,,0,GB_TRACK
5978985000000,206415,5978984000000,,0,GB_TRACK
5979002000000,206416,5979001000000,,0,GB_TRACK
5979019000000,206417,5979018000000,,0,GB_TRACK
5979019000000,206418,5979018000000,,0,GB_TRACK
5979019000000,206419,5979035000000,,0,GB_TRACK
5979036000000,206420,5979052000000,,0,GB_TRACK
5979061000000,206421,5979064000000,,0,GB_TRACK
5979078000000,206422,5979081000000,,0,GB_TRACK
5979078000000,206423,5979081000000,,0,GB_TRACK
5979095000000,206424,5979098000000,,0,GB_TRACK
5979112000000,206425,5979115000000,,0,GB_TRACK
5979129000000,206426,5979132000000,,0,GB_TRACK
5979129000000,206427,5979132000000,,0,GB_TRACK
5979146000000,206428,5979149000000,,0,GB_TRACK
5979155000000,206429,5979155000000,,0,GB_TRACK
5979183000000,206430,5979179000000,,0,GB_TRACK
5979183000000,206431,5979179000000,,0,GB_TRACK
5979199000000,206432,5979196000000,,0,GB_TRACK
5979216000000,206433,5979213000000,,0,GB_TRACK
5979231000000,206434,5979230000000,,0,GB_TRACK
5979245000000,206435,5979230000000,,0,GB_TRACK
5979245000000,206436,5979245000000,,0,GB_TRACK
5979257000000,206437,5979257000000,,0,GB_TRACK
5979273000000,206438,5979276000000,,0,GB_TRACK
5979285000000,206439,5979290000000,,0,GB_TRACK
5979302000000,206440,5979306000000,,0,GB_TRACK
5979302000000,206441,5979306000000,,0,GB_TRACK
5979319000000,206442,5979321000000,,0,GB_TRACK
5979334000000,206443,5979338000000,,0,GB_TRACK
5979346000000,206444,5979346000000,,0,GB_TRACK
5979356000000,206445,5979356000000,,0,GB_TRACK
5979375000000,206446,5979375000000,,0,GB_TRACK
5979390000000,206447,5979385000000,,0,GB_TRACK
5979403000000,206448,5979398000000,,0,GB_TRACK
5979403000000,206449,5979412000000,,0,GB_TRACK
5979430000000,206450,5979426000000,,0,GB_TRACK
5979443000000,206451,5979438000000,,0,GB_TRACK
5979449000000,206452,5979449000000,,0,GB_TRACK
5979457000000,206453,5979457000000,,0,GB_TRACK
5979467000000,206454,5979467000000,,0,GB_TRACK
5979480000000,206455,5979481000000,,0,GB_TRACK
5979494000000,206456,5979494000000,,0,GB_TRACK
5979518000000,206457,5979515000000,,0,GB_TRACK
5979527000000,206458,5979523000000,,0,GB_TRACK
5979535000000,206459,5979535000000,,0,GB_TRACK
5979551000000,206460,5979547000000,,0,GB_TRACK
5979551000000,206461,5979556000000,,0,GB_TRACK
5979581000000,206462,5979577000000,,0,GB_TRACK
5979581000000,206463,5979586000000,,0,GB_TRACK
5979594000000,206464,5979597000000,,0,GB_TRACK
5979605000000,206465,5979610000000,,0,GB_TRACK
5979620000000,206466,5979623000000,,0,GB_TRACK
5979648000000,206467,5979636000000,,0,GB_TRACK
5979648000000,206468,5979648000000,,0,GB_TRACK
5979655000000,206469,5979655000000,,0,GB_TRACK
5979674000000,206470,5979674000000,,0,GB_TRACK
5979674000000,206471,5979686000000,,0,GB_TRACK
5979690000000,206472,5979702000000,,0,GB_TRACK
5979707000000,206473,5979713000000,,0,GB_TRACK
5979722000000,206474,5979726000000,,0,GB_TRACK
5979735000000,206475,5979738000000,,0,GB_TRACK
5979746000000,206476,5979746000000,,0,GB_TRACK
5979759000000,206477,5979759000000,,0,GB_TRACK
5979771000000,206478,5979776000000,,0,GB_TRACK
5979784000000,206479,5979792000000,,0,GB_TRACK
5979784000000,206480,5979792000000,,0,GB_TRACK
5979801000000,206481,5979806000000,,0,GB_TRACK
5979818000000,206482,5979821000000,,0,GB_TRACK
5979834000000,206483,5979838000000,,0,GB_TRACK
5979851000000,206484,5979851000000,,0,GB_TRACK
5979869000000,206485,5979869000000,,0,GB_TRACK
5979869000000,206486,5979869000000,,0,GB_TRACK
5979903000000,206487,5979903000000,,0,GB_TRACK
5979903000000,206488,5979903000000,,0,GB_TRACK
5979920000000,206489,5979920000000,,0,GB_TRACK
5979920000000,206490,5979920000000,,0,GB_TRACK
5979937000000,206491,5979937000000,,0,GB_TRACK
5979949000000,206492,5979949000000,,0,GB_TRACK
5979966000000,206493,5979966000000,,0,GB_TRACK
5980000000000,206494,5980000000000,,0,GB_TRACK
5980000000000,206495,5980000000000,,0,GB_TRACK
5980000000000,206496,5980000000000,,0,GB_TRACK
5980017000000,206497,5980017000000,,0,GB_TRACK
5980017000000,206498,5980017000000,,0,GB_TRACK
5980034000000,206499,5980034000000,,0,GB_TRACK
5980051000000,206500,5980051000000,,0,GB_TRACK
5980085000000,206501,5980085000000,,0,GB_TRACK
5980085000000,206502,5980085000000,,0,GB_TRACK
5980119000000,206503,5980119000000,,0,GB_TRACK
5980119000000,206504,5980119000000,,0,GB_TRACK
5980136000000,206505,5980136000000,,0,GB_TRACK
5980151000000,206506,5980151000000,,0,GB_TRACK
5980168000000,206507,5980168000000,,0,GB_TRACK
5980185000000,206508,5980185000000,,0,GB_TRACK
5980185000000,206509,5980185000000,,0,GB_TRACK
5980202000000,206510,5980202000000,,0,GB_TRACK
5980219000000,206511,5980219000000,,0,GB_TRACK
5980219000000,206512,5980219000000,,0,GB_TRACK
5980236000000,206513,5980236000000,,0,GB_TRACK
5980253000000,206514,5980253000000,,0,GB_TRACK
5980270000000,206515,5980270000000,,0,GB_TRACK
5980270000000,206516,5980270000000,,0,GB_TRACK
5980287000000,206517,5980287000000,,0,GB_TRACK
5980304000000,206518,5980304000000,,0,GB_TRACK
5980321000000,206519,5980321000000,,0,GB_TRACK
5980321000000,206520,5980321000000,,0,GB_TRACK
5980338000000,206521,5980338000000,,0,GB_TRACK
5980355000000,206522,5980355000000,,0,GB_TRACK
5980372000000,206523,5980372000000,,0,GB_TRACK
5980372000000,206524,5980372000000,,0,GB_TRACK
5980389000000,206525,5980389000000,,0,GB_TRACK
5980406000000,206526,5980406000000,,0,GB_TRACK
5980406000000,206527,5980423000000,,0,GB_TRACK
5980406000000,206528,5980423000000,,0,GB_TRACK
5980423000000,206529,5980440000000,,0,GB_TRACK
5980457000000,206530,5980457000000,,0,GB_TRACK
5980457000000,206531,5980457000000,,0,GB_TRACK
5980474000000,206532,5980474000000,,0,GB_TRACK
5980491000000,206533,5980491000000,,0,GB_TRACK
5980542000000,206534,5980508000000,,0,GB_TRACK
5980542000000,206535,5980525000000,,0,GB_TRACK
5980542000000,206536,5980525000000,,0,GB_TRACK
5980542000000,206537,5980542000000,,0,GB_TRACK
5980555000000,206538,5980559000000,,0,GB_TRACK
5980572000000,206539,5980559000000,,0,GB_TRACK
5980589000000,206540,5980593000000,,0,GB_TRACK
5980589000000,206541,5980593000000,,0,GB_TRACK
5980606000000,206542,5980610000000,,0,GB_TRACK
5980606000000,206543,5980610000000,,0,GB_TRACK
5980623000000,206544,5980627000000,,0,GB_TRACK
5980640000000,206545,5980644000000,,0,GB_TRACK
5980640000000,206546,5980644000000,,0,GB_TRACK
5980657000000,206547,5980661000000,,0,GB_TRACK
5980674000000,206548,5980678000000,,0,GB_TRACK
5980691000000,206549,5980695000000,,0,GB_TRACK
5980708000000,206550,5980695000000,,0,GB_TRACK
5980708000000,206551,5980712000000,,0,GB_TRACK
5980742000000,206552,5980746000000,,0,GB_TRACK
5980742000000,206553,5980746000000,,0,GB_TRACK
5980742000000,206554,5980746000000,,0,GB_TRACK
5980759000000,206555,5980763000000,,0,GB_TRACK
5980776000000,206556,5980780000000,,0,GB_TRACK
5980810000000,206557,5980797000000,,0,GB_TRACK
5980810000000,206558,5980797000000,,0,GB_TRACK
5980810000000,206559,5980814000000,,0,GB_TRACK
5980827000000,206560,5980831000000,,0,GB_TRACK
5980844000000,206561,5980848000000,,0,GB_TRACK
5980844000000,206562,5980848000000,,0,GB_TRACK
5980861000000,206563,5980865000000,,0,GB_TRACK
5980895000000,206564,5980899000000,,0,GB_TRACK
5980912000000,206565,5980899000000,,0,GB_TRACK
5980912000000,206566,5980916000000,,0,GB_TRACK
5980912000000,206567,5980933000000,,0,GB_TRACK
5980946000000,206568,5980950000000,,0,GB_TRACK
5980963000000,206569,5980967000000,,0,GB_TRACK
5980980000000,206570,5980984000000,,0,GB_TRACK
5980980000000,206571,5980984000000,,0,GB_TRACK
5980997000000,206572,5981001000000,,0,GB_TRACK
5981031000000,206573,5981018000000,,0,GB_TRACK
5981048000000,206574,5981052000000,,0,GB_TRACK
5981048000000,206575,5981052000000,,0,GB_TRACK
5981048000000,206576,5981052000000,,0,GB_TRACK
5981068000000,206577,5981072000000,,0,GB_TRACK
5981068000000,206578,5981072000000,,0,GB_TRACK
5981085000000,206579,5981089000000,,0,GB_TRACK
5981119000000,206580,5981106000000,,0,GB_TRACK
5981136000000,206581,5981140000000,,0,GB_TRACK
5981136000000,206582,5981140000000,,0,GB_TRACK
5981136000000,206583,5981140000000,,0,GB_TRACK
5981153000000,206584,5981157000000,,0,GB_TRACK
5981170000000,206585,5981174000000,,0,GB_TRACK
5981170000000,206586,5981174000000,,0,GB_TRACK
5981187000000,206587,5981191000000,,0,GB_TRACK
5981221000000,206588,5981208000000,,0,GB_TRACK
5981221000000,206589,5981208000000,,0,GB_TRACK
5981238000000,206590,5981242000000,,0,GB_TRACK
5981238000000,206591,5981242000000,,0,GB_TRACK
5981255000000,206592,5981259000000,,0,GB_TRACK
5981272000000,206593,5981259000000,,0,GB_TRACK
5981289000000,206594,5981276000000,,0,GB_TRACK
5981306000000,206595,5981293000000,,0,GB_TRACK
5981306000000,206596,5981310000000,,0,GB_TRACK
5981306000000,206597,5981310000000,,0,GB_TRACK
5981323000000,206598,5981327000000,,0,GB_TRACK
5981340000000,206599,5981344000000,,0,GB_TRACK
5981357000000,206600,5981361000000,,0,GB_TRACK
5981357000000,206601,5981361000000,,0,GB_TRACK
5981374000000,206602,5981378000000,,0,GB_TRACK
5981391000000,206603,5981395000000,,0,GB_TRACK
5981425000000,206604,5981429000000,,0,GB_TRACK
5981425000000,206605,5981429000000,,0,GB_TRACK
5981425000000,206606,5981429000000,,0,GB_TRACK
5981442000000,206607,5981446000000,,0,GB_TRACK
5981442000000,206608,5981446000000,,0,GB_TRACK
5981459000000,206609,5981463000000,,0,GB_TRACK
5981476000000,206610,5981480000000,,0,GB_TRACK
5981510000000,206611,5981514000000,,0,GB_TRACK
5981510000000,206612,5981514000000,,0,GB_TRACK
5981510000000,206613,5981514000000,,0,GB_TRACK
5981527000000,206614,5981531000000,,0,GB_TRACK
5981544000000,206615,5981548000000,,0,GB_TRACK
5981544000000,206616,5981548000000,,0,GB_TRACK
5981578000000,206617,5981565000000,,0,GB_TRACK
5981578000000,206618,5981582000000,,0,GB_TRACK
5981612000000,206619,5981599000000,,0,GB_TRACK
5981612000000,206620,5981599000000,,0,GB_TRACK
5981629000000,206621,5981633000000,,0,GB_TRACK
5981629000000,206622,5981633000000,,0,GB_TRACK
5981629000000,206623,5981650000000,,0,GB_TRACK
5981646000000,206624,5981650000000,,0,GB_TRACK
5981663000000,206625,5981667000000,,0,GB_TRACK
5981680000000,206626,5981718000000,,0,GB_TRACK
5981680000000,206627,5981718000000,,0,GB_TRACK
5981731000000,206628,5981735000000,,0,GB_TRACK
5981748000000,206629,5981752000000,,0,GB_TRACK
5981782000000,206630,5981769000000,,0,GB_TRACK
5981782000000,206631,5981769000000,,0,GB_TRACK
5981782000000,206632,5981786000000,,0,GB_TRACK
5981799000000,206633,5981803000000,,0,GB_TRACK
5981816000000,206634,5981820000000,,0,GB_TRACK
5981816000000,206635,5981820000000,,0,GB_TRACK
5981850000000,206636,5981837000000,,0,GB_TRACK
5981850000000,206637,5981854000000,,0,GB_TRACK
5981867000000,206638,5981871000000,,0,GB_TRACK
5981867000000,206639,5981871000000,,0,GB_TRACK
5981901000000,206640,5981888000000,,0,GB_TRACK
5981901000000,206641,5981905000000,,0,GB_TRACK
5981918000000,206642,5981922000000,,0,GB_TRACK
5981952000000,206643,5981922000000,,0,GB_TRACK
5981952000000,206644,5981939000000,,0,GB_TRACK
5981952000000,206645,5981956000000,,0,GB_TRACK
5981952000000,206646,5981956000000,,0,GB_TRACK
5981969000000,206647,5981973000000,,0,GB_TRACK
5981986000000,206648,5981990000000,,0,GB_TRACK
5981986000000,206649,5982007000000,,0,GB_TRACK
5981986000000,206650,5982007000000,,0,GB_TRACK
5982020000000,206651,5982024000000,,0,GB_TRACK
5982037000000,206652,5982041000000,,0,GB_TRACK
5982054000000,206653,5982058000000,,0,GB_TRACK
5982054000000,206654,5982058000000,,0,GB_TRACK
5982071000000,206655,5982075000000,,0,GB_TRACK
5982105000000,206656,5982109000000,,0,GB_TRACK
5982105000000,206657,5982109000000,,0,GB_TRACK
5982105000000,206658,5982109000000,,0,GB_TRACK
5982122000000,206659,5982126000000,,0,GB_TRACK
5982139000000,206660,5982143000000,,0,GB_TRACK
5982139000000,206661,5982143000000,,0,GB_TRACK
5982156000000,206662,5982160000000,,0,GB_TRACK
5982173000000,206663,5982177000000,,0,GB_TRACK
5982224000000,206664,5982211000000,,0,GB_TRACK
5982224000000,206665,5982211000000,,0,GB_TRACK
5982224000000,206666,5982211000000,,0,GB_TRACK
5982241000000,206667,5982245000000,,0,GB_TRACK
5982241000000,206668,5982245000000,,0,GB_TRACK
5982241000000,206669,5982245000000,,0,GB_TRACK
5982258000000,206670,5982265000000,,0,GB_TRACK
5982295000000,206671,5982282000000,,0,GB_TRACK
5982295000000,206672,5982299000000,,0,GB_TRACK
5982295000000,206673,5982299000000,,0,GB_TRACK
5982329000000,206674,5982333000000,,0,GB_TRACK
5982329000000,206675,5982333000000,,0,GB_TRACK
5982346000000,206676,5982333000000,,0,GB_TRACK
5982346000000,206677,5982350000000,,0,GB_TRACK
5982363000000,206678,5982367000000,,0,GB_TRACK
5982397000000,206679,5982384000000,,0,GB_TRACK
5982397000000,206680,5982384000000,,0,GB_TRACK
5982414000000,206681,5982418000000,,0,GB_TRACK
5982414000000,206682,5982418000000,,0,GB_TRACK
5982414000000,206683,5982418000000,,0,GB_TRACK
5982431000000,206684,5982435000000,,0,GB_TRACK
5982448000000,206685,5982452000000,,0,GB_TRACK
5982482000000,206686,5982486000000,,0,TRAILING
5982499000000,206687,5982503000000,,0,TRAILING
5982533000000,206688,5982537000000,,0,TRAILING
5982533000000,206689,5982537000000,,0,TRAILING
5982550000000,206690,5982554000000,,0,TRAILING
5982550000000,206691,5982554000000,,0,TRAILING
5982567000000,206692,5982571000000,,0,TRAILING
5982601000000,206693,5982605000000,,0,TRAILING
5982601000000,206694,5982605000000,,0,TRAILING
5982601000000,206695,5982605000000,,0,TRAILING
5982635000000,206696,5982622000000,,0,TRAILING
5982652000000,206697,5982639000000,,0,TRAILING
5982652000000,206698,5982656000000,,0,TRAILING
5982652000000,206699,5982656000000,,0,TRAILING
5982687000000,206700,5982691000000,,0,TRAILING
5982721000000,206701,5982708000000,,0,TRAILING
5982721000000,206702,5982725000000,,0,TRAILING
5982755000000,206703,5982742000000,,0,TRAILING
5982755000000,206704,5982742000000,,0,TRAILING
5982755000000,206705,5982759000000,,0,TRAILING
5982772000000,206706,5982793000000,,0,TRAILING
5982772000000,206707,5982793000000,,0,TRAILING
5982806000000,206708,5982793000000,,0,TRAILING
5982806000000,206709,5982827000000,,0,TRAILING
5982806000000,206710,5982827000000,,0,TRAILING
5982840000000,206711,5982844000000,,0,TRAILING
5982840000000,206712,5982844000000,,0,TRAILING
5982875000000,206713,5982862000000,,0,TRAILING
5982892000000,206714,5982879000000,,0,TRAILING
5982926000000,206715,5982879000000,,0,TRAILING
5982926000000,206716,5982913000000,,0,TRAILING
5982926000000,206717,5982913000000,,0,TRAILING
5982926000000,206718,5982930000000,,0,TRAILING
5982926000000,206719,5982930000000,,0,TRAILING
5982943000000,206720,5982947000000,,0,TRAILING
5982960000000,206721,5982964000000,,0,TRAILING
5982994000000,206722,5982998000000,,0,TRAILING
5982994000000,206723,5982998000000,,0,TRAILING
5982994000000,206724,5982998000000,,0,TRAILING
5983028000000,206725,5983015000000,,0,TRAILING
5983045000000,206726,5983049000000,,0,TRAILING
5983045000000,206727,5983049000000,,0,TRAILING
5983045000000,206728,5983049000000,,0,TRAILING
5983062000000,206729,5983066000000,,0,TRAILING
5983062000000,206730,5983066000000,,0,TRAILING
5983096000000,206731,5983083000000,,0,TRAILING
5983130000000,206732,5983117000000,,0,TRAILING
5983130000000,206733,5983117000000,,0,TRAILING
5983130000000,206734,5983117000000,,0,TRAILING
5983147000000,206735,5983151000000,,0,TRAILING
5983147000000,206736,5983151000000,,0,TRAILING
5983164000000,206737,5983168000000,,0,TRAILING
5983164000000,206738,5983168000000,,0,TRAILING
5983198000000,206739,5983202000000,,0,TRAILING
5983198000000,206740,5983202000000,,0,TRAILING
5983215000000,206741,5983219000000,,0,TRAILING
5983215000000,206742,5983219000000,,0,TRAILING
5983232000000,206743,5983236000000,,0,TRAILING
5983249000000,206744,5983253000000,,0,TRAILING
5983266000000,206745,5983287000000,,0,TRAILING
5983266000000,206746,5983287000000,,0,TRAILING
5983266000000,206747,5983287000000,,0,TRAILING
5983300000000,206748,5983304000000,,0,TRAILING
5983300000000,206749,5983304000000,,0,TRAILING
5983368000000,206750,5983338000000,,0,TRAILING
5983368000000,206751,5983338000000,,0,TRAILING
5983368000000,206752,5983355000000,,0,TRAILING
5983368000000,206753,5983355000000,,0,TRAILING
5983368000000,206754,5983372000000,,0,TRAILING
5983385000000,206755,5983389000000,,0,TRAILING
5983419000000,206756,5983423000000,,0,TRAILING
5983419000000,206757,5983423000000,,0,TRAILING
5983436000000,206758,5983423000000,,0,TRAILING
5983436000000,206759,5983440000000,,0,TRAILING
5983453000000,206760,5983457000000,,0,TRAILING
5983453000000,206761,5983457000000,,0,TRAILING
5983470000000,206762,5983474000000,,0,TRAILING
5983487000000,206763,5983491000000,,0,TRAILING
5983487000000,206764,5983491000000,,0,TRAILING
5983521000000,206765,5983508000000,,0,TRAILING
5983538000000,206766,5983525000000,,0,TRAILING
5983538000000,206767,5983542000000,,0,TRAILING
5983538000000,206768,5983542000000,,0,TRAILING
5983569000000,206769,5983569000000,,0,TRAILING
5983569000000,206770,5983569000000,,0,TRAILING
5983620000000,206771,5983586000000,,0,TRAILING
5983620000000,206772,5983603000000,,0,TRAILING
5983620000000,206773,5983620000000,,0,TRAILING
5983620000000,206774,5983620000000,,0,TRAILING
5983637000000,206775,5983637000000,,0,OVERTAKE
5983656000000,206776,5983656000000,,0,TRAILING
5983656000000,206777,5983656000000,,0,TRAILING
5983673000000,206778,5983673000000,,0,TRAILING
5983690000000,206779,5983690000000,,0,TRAILING
5983724000000,206780,5983724000000,,0,TRAILING
5983724000000,206781,5983724000000,,0,TRAILING
5983724000000,206782,5983724000000,,0,TRAILING
5983724000000,206783,5983741000000,,0,TRAILING
5983724000000,206784,5983741000000,,0,TRAILING
5983741000000,206785,5983758000000,,0,TRAILING
5983758000000,206786,5983775000000,,0,TRAILING
5983792000000,206787,5983792000000,,0,TRAILING
5983792000000,206788,5983792000000,,0,TRAILING
5983826000000,206789,5983809000000,,0,TRAILING
5983826000000,206790,5983826000000,,0,TRAILING
5983843000000,206791,5983843000000,,0,TRAILING
5983843000000,206792,5983843000000,,0,TRAILING
5983860000000,206793,5983860000000,,0,TRAILING
5983877000000,206794,5983877000000,,0,TRAILING
5983911000000,206795,5983894000000,,0,TRAILING
5983945000000,206796,5983911000000,,0,TRAILING
5983945000000,206797,5983928000000,,0,TRAILING
5983945000000,206798,5983928000000,,0,TRAILING
5983945000000,206799,5983945000000,,0,TRAILING
5983945000000,206800,5983945000000,,0,TRAILING
5983962000000,206801,5983962000000,,0,TRAILING
5983996000000,206802,5983996000000,,0,TRAILING
5983996000000,206803,5983996000000,,0,TRAILING
5983996000000,206804,5983996000000,,0,TRAILING
5984030000000,206805,5984030000000,,0,TRAILING
5984030000000,206806,5984030000000,,0,TRAILING
5984047000000,206807,5984030000000,,0,TRAILING
5984047000000,206808,5984047000000,,0,TRAILING
5984064000000,206809,5984064000000,,0,TRAILING
5984098000000,206810,5984081000000,,0,TRAILING
5984115000000,206811,5984098000000,,0,TRAILING
5984115000000,206812,5984098000000,,0,TRAILING
5984115000000,206813,5984115000000,,0,TRAILING
5984149000000,206814,5984132000000,,0,TRAILING
5984149000000,206815,5984132000000,,0,TRAILING
5984183000000,206816,5984149000000,,0,TRAILING
5984183000000,206817,5984166000000,,0,TRAILING
5984183000000,206818,5984166000000,,0,TRAILING
5984183000000,206819,5984183000000,,0,TRAILING
5984200000000,206820,5984217000000,,0,TRAILING
5984200000000,206821,5984217000000,,0,TRAILING
5984234000000,206822,5984217000000,,0,TRAILING
5984234000000,206823,5984234000000,,0,TRAILING
5984234000000,206824,5984251000000,,0,TRAILING
5984251000000,206825,5984268000000,,0,TRAILING
5984285000000,206826,5984268000000,,0,TRAILING
5984285000000,206827,5984285000000,,0,TRAILING
5984302000000,206828,5984302000000,,0,TRAILING
5984319000000,206829,5984319000000,,0,TRAILING
5984336000000,206830,5984336000000,,0,TRAILING
5984353000000,206831,5984336000000,,0,TRAILING
5984353000000,206832,5984353000000,,0,TRAILING
5984370000000,206833,5984370000000,,0,TRAILING
5984370000000,206834,5984370000000,,0,TRAILING
5984404000000,206835,5984387000000,,0,TRAILING
5984404000000,206836,5984404000000,,0,TRAILING
5984404000000,206837,5984404000000,,0,TRAILING
5984438000000,206838,5984438000000,,0,TRAILING
5984438000000,206839,5984438000000,,0,TRAILING
5984455000000,206840,5984455000000,,0,TRAILING
5984455000000,206841,5984455000000,,0,TRAILING
5984489000000,206842,5984472000000,,0,TRAILING
5984489000000,206843,5984489000000,,0,TRAILING
5984506000000,206844,5984506000000,,0,TRAILING
5984506000000,206845,5984506000000,,0,TRAILING
5984540000000,206846,5984540000000,,0,TRAILING
5984540000000,206847,5984540000000,,0,TRAILING
5984548000000,206848,5984548000000,,0,TRAILING
5984565000000,206849,5984565000000,,0,TRAILING
5984582000000,206850,5984582000000,,0,TRAILING
5984582000000,206851,5984582000000,,0,TRAILING
5984616000000,206852,5984616000000,,0,TRAILING
5984616000000,206853,5984616000000,,0,TRAILING
5984616000000,206854,5984616000000,,0,TRAILING
5984650000000,206855,5984650000000,,0,TRAILING
5984667000000,206856,5984650000000,,0,TRAILING
5984667000000,206857,5984667000000,,0,TRAILING
5984667000000,206858,5984667000000,,0,TRAILING
5984667000000,206859,5984684000000,,0,TRAILING
5984701000000,206860,5984701000000,,0,TRAILING
5984735000000,206861,5984735000000,,0,TRAILING
5984735000000,206862,5984735000000,,0,TRAILING
5984735000000,206863,5984735000000,,0,TRAILING
5984735000000,206864,5984752000000,,0,TRAILING
5984752000000,206865,5984769000000,,0,TRAILING
5984769000000,206866,5984769000000,,0,TRAILING
5984803000000,206867,5984786000000,,0,TRAILING
5984803000000,206868,5984803000000,,0,TRAILING
5984837000000,206869,5984837000000,,0,TRAILING
5984837000000,206870,5984837000000,,0,TRAILING
5984837000000,206871,5984837000000,,0,TRAILING
5984849000000,206872,5984849000000,,0,TRAILING
5984866000000,206873,5984866000000,,0,TRAILING
5984866000000,206874,5984866000000,,0,TRAILING
5984866000000,206875,5984883000000,,0,TRAILING
5984900000000,206876,5984917000000,,0,TRAILING
5984900000000,206877,5984917000000,,0,TRAILING
5984951000000,206878,5984917000000,,0,TRAILING
5984951000000,206879,5984951000000,,0,TRAILING
5984951000000,206880,5984951000000,,0,TRAILING
5984968000000,206881,5984968000000,,0,TRAILING
5984968000000,206882,5984968000000,,0,TRAILING
5984985000000,206883,5984985000000,,0,TRAILING
5985002000000,206884,5985002000000,,0,TRAILING
5985019000000,206885,5985019000000,,0,TRAILING
5985019000000,206886,5985019000000,,0,TRAILING
5985036000000,206887,5985036000000,,0,TRAILING
5985058000000,206888,5985058000000,,0,TRAILING
5985058000000,206889,5985058000000,,0,TRAILING
5985093000000,206890,5985076000000,,0,TRAILING
5985093000000,206891,5985093000000,,0,TRAILING
5985093000000,206892,5985093000000,,0,TRAILING
5985127000000,206893,5985127000000,,0,TRAILING
5985144000000,206894,5985127000000,,0,TRAILING
5985144000000,206895,5985144000000,,0,TRAILING
5985144000000,206896,5985144000000,,0,TRAILING
5985161000000,206897,5985161000000,,0,TRAILING
5985195000000,206898,5985195000000,,0,TRAILING
5985195000000,206899,5985195000000,,0,TRAILING
5985246000000,206900,5985195000000,,0,TRAILING
5985246000000,206901,5985229000000,,0,TRAILING
5985246000000,206902,5985229000000,,0,TRAILING
5985246000000,206903,5985246000000,,0,TRAILING
5985246000000,206904,5985246000000,,0,TRAILING
5985263000000,206905,5985263000000,,0,TRAILING
5985280000000,206906,5985280000000,,0,TRAILING
5985280000000,206907,5985280000000,,0,TRAILING
5985331000000,206908,5985297000000,,0,TRAILING
5985331000000,206909,5985331000000,,0,TRAILING
5985331000000,206910,5985331000000,,0,TRAILING
5985331000000,206911,5985331000000,,0,TRAILING
5985348000000,206912,5985348000000,,0,TRAILING
5985365000000,206913,5985365000000,,0,TRAILING
5985382000000,206914,5985382000000,,0,TRAILING
5985416000000,206915,5985382000000,,0,TRAILING
5985416000000,206916,5985399000000,,0,TRAILING
5985416000000,206917,5985416000000,,0,TRAILING
5985416000000,206918,5985416000000,,0,TRAILING
5985433000000,206919,5985433000000,,0,TRAILING
5985450000000,206920,5985450000000,,0,TRAILING
5985467000000,206921,5985467000000,,0,TRAILING
5985467000000,206922,5985467000000,,0,TRAILING
5985501000000,206923,5985501000000,,0,TRAILING
5985501000000,206924,5985501000000,,0,TRAILING
5985518000000,206925,5985518000000,,0,TRAILING
5985518000000,206926,5985518000000,,0,TRAILING
5985552000000,206927,5985535000000,,0,TRAILING
5985552000000,206928,5985552000000,,0,TRAILING
5985569000000,206929,5985569000000,,0,TRAILING
5985569000000,206930,5985569000000,,0,TRAILING
5985603000000,206931,5985586000000,,0,TRAILING
5985603000000,206932,5985603000000,,0,TRAILING
5985637000000,206933,5985637000000,,0,TRAILING
5985637000000,206934,5985637000000,,0,TRAILING
5985637000000,206935,5985637000000,,0,TRAILING
5985654000000,206936,5985654000000,,0,TRAILING
5985654000000,206937,5985654000000,,0,TRAILING
5985671000000,206938,5985671000000,,0,TRAILING
5985688000000,206939,5985688000000,,0,TRAILING
5985722000000,206940,5985722000000,,0,TRAILING
5985739000000,206941,5985739000000,,0,TRAILING
5985739000000,206942,5985739000000,,0,TRAILING
5985756000000,206943,5985739000000,,0,TRAILING
5985756000000,206944,5985756000000,,0,TRAILING
5985756000000,206945,5985756000000,,0,TRAILING
5985790000000,206946,5985790000000,,0,TRAILING
5985790000000,206947,5985790000000,,0,TRAILING
5985824000000,206948,5985807000000,,0,TRAILING
5985824000000,206949,5985807000000,,0,TRAILING
5985824000000,206950,5985824000000,,0,TRAILING
5985841000000,206951,5985841000000,,0,TRAILING
5985841000000,206952,5985841000000,,0,TRAILING
5985865000000,206953,5985865000000,,0,TRAILING
5985899000000,206954,5985899000000,,0,TRAILING
5985899000000,206955,5985916000000,,0,TRAILING
5985899000000,206956,5985916000000,,0,TRAILING
5985950000000,206957,5985916000000,,0,TRAILING
5985950000000,206958,5985933000000,,0,TRAILING
5985950000000,206959,5985933000000,,0,TRAILING
5985950000000,206960,5985950000000,,0,TRAILING
5985967000000,206961,5985967000000,,0,TRAILING
5985967000000,206962,5985967000000,,0,TRAILING
5986001000000,206963,5985984000000,,0,TRAILING
5986018000000,206964,5986018000000,,0,TRAILING
5986035000000,206965,5986018000000,,0,TRAILING
5986035000000,206966,5986018000000,,0,TRAILING
5986035000000,206967,5986035000000,,0,TRAILING
5986052000000,206968,5986052000000,,0,TRAILING
5986071000000,206969,5986071000000,,0,TRAILING
5986071000000,206970,5986071000000,,0,TRAILING
5986105000000,206971,5986088000000,,0,TRAILING
5986105000000,206972,5986105000000,,0,TRAILING
5986105000000,206973,5986105000000,,0,TRAILING
5986122000000,206974,5986122000000,,0,TRAILING
5986139000000,206975,5986139000000,,0,TRAILING
5986139000000,206976,5986156000000,,0,TRAILING
5986190000000,206977,5986156000000,,0,TRAILING
5986190000000,206978,5986173000000,,0,TRAILING
5986224000000,206979,5986207000000,,0,TRAILING
5986224000000,206980,5986207000000,,0,TRAILING
5986241000000,206981,5986207000000,,0,TRAILING
5986241000000,206982,5986241000000,,0,TRAILING
5986241000000,206983,5986241000000,,0,TRAILING
5986241000000,206984,5986241000000,,0,TRAILING
5986264000000,206985,5986264000000,,0,TRAILING
5986281000000,206986,5986281000000,,0,TRAILING
5986281000000,206987,5986281000000,,0,TRAILING
5986332000000,206988,5986298000000,,0,GB_TRACK
5986332000000,206989,5986315000000,,0,GB_TRACK
5986332000000,206990,5986332000000,,0,GB_TRACK
5986332000000,206991,5986332000000,,0,GB_TRACK
5986360000000,206992,5986360000000,,0,GB_TRACK
5986394000000,206993,5986360000000,,0,GB_TRACK
5986394000000,206994,5986377000000,,0,GB_TRACK
5986394000000,206995,5986394000000,,0,GB_TRACK
5986394000000,206996,5986394000000,,0,GB_TRACK
5986411000000,206997,5986411000000,,0,GB_TRACK
5986445000000,206998,5986445000000,,0,GB_TRACK
5986445000000,206999,5986445000000,,0,GB_TRACK
5986445000000,207000,5986445000000,,0,GB_TRACK
5986462000000,207001,5986462000000,,0,GB_TRACK
5986496000000,207002,5986496000000,,0,GB_TRACK
5986547000000,207003,5986496000000,,0,GB_TRACK
5986547000000,207004,5986496000000,,0,GB_TRACK
5986547000000,207005,5986530000000,,0,GB_TRACK
5986547000000,207006,5986547000000,,0,GB_TRACK
5986547000000,207007,5986547000000,,0,GB_TRACK
5986547000000,207008,5986547000000,,0,GB_TRACK
5986564000000,207009,5986564000000,,0,GB_TRACK
5986598000000,207010,5986581000000,,0,GB_TRACK
5986598000000,207011,5986581000000,,0,GB_TRACK
5986598000000,207012,5986598000000,,0,GB_TRACK
5986632000000,207013,5986615000000,,0,GB_TRACK
5986649000000,207014,5986632000000,,0,GB_TRACK
5986649000000,207015,5986632000000,,0,GB_TRACK
5986649000000,207016,5986649000000,,0,GB_TRACK
5986669000000,207017,5986669000000,,0,GB_TRACK
5986669000000,207018,5986669000000,,0,GB_TRACK
5986720000000,207019,5986686000000,,0,GB_TRACK
5986720000000,207020,5986703000000,,0,GB_TRACK
5986720000000,207021,5986720000000,,0,GB_TRACK
5986720000000,207022,5986720000000,,0,GB_TRACK
5986737000000,207023,5986737000000,,0,GB_TRACK
5986756000000,207024,5986756000000,,0,GB_TRACK
5986756000000,207025,5986756000000,,0,GB_TRACK
5986773000000,207026,5986773000000,,0,GB_TRACK
5986790000000,207027,5986790000000,,0,GB_TRACK
5986807000000,207028,5986807000000,,0,GB_TRACK
5986824000000,207029,5986824000000,,0,GB_TRACK
5986841000000,207030,5986841000000,,0,GB_TRACK
5986841000000,207031,5986841000000,,0,GB_TRACK
5986841000000,207032,5986841000000,,0,GB_TRACK
5986856000000,207033,5986856000000,,0,GB_TRACK
5986890000000,207034,5986873000000,,0,GB_TRACK
5986890000000,207035,5986890000000,,0,GB_TRACK
5986907000000,207036,5986907000000,,0,GB_TRACK
5986907000000,207037,5986907000000,,0,GB_TRACK
5986924000000,207038,5986924000000,,0,GB_TRACK
5986941000000,207039,5986941000000,,0,GB_TRACK
5986941000000,207040,5986941000000,,0,GB_TRACK
5986958000000,207041,5986958000000,,0,GB_TRACK
5986975000000,207042,5986975000000,,0,GB_TRACK
5986992000000,207043,5986992000000,,0,GB_TRACK
5986992000000,207044,5986992000000,,0,GB_TRACK
5987009000000,207045,5987009000000,,0,GB_TRACK
5987026000000,207046,5987026000000,,0,GB_TRACK
5987043000000,207047,5987043000000,,0,GB_TRACK
5987043000000,207048,5987043000000,,0,GB_TRACK
5987063000000,207049,5987063000000,,0,GB_TRACK
5987080000000,207050,5987080000000,,0,GB_TRACK
5987080000000,207051,5987080000000,,0,GB_TRACK
5987080000000,207052,5987097000000,,0,GB_TRACK
5987114000000,207053,5987114000000,,0,GB_TRACK
5987131000000,207054,5987131000000,,0,GB_TRACK
5987131000000,207055,5987131000000,,0,GB_TRACK
5987148000000,207056,5987148000000,,0,GB_TRACK
5987165000000,207057,5987165000000,,0,GB_TRACK
5987182000000,207058,5987182000000,,0,GB_TRACK
5987199000000,207059,5987182000000,,0,GB_TRACK
5987199000000,207060,5987199000000,,0,GB_TRACK
5987233000000,207061,5987233000000,,0,GB_TRACK
5987233000000,207062,5987233000000,,0,GB_TRACK
5987250000000,207063,5987233000000,,0,GB_TRACK
5987250000000,207064,5987250000000,,0,GB_TRACK
5987267000000,207065,5987267000000,,0,GB_TRACK
5987267000000,207066,5987267000000,,0,GB_TRACK
5987284000000,207067,5987284000000,,0,GB_TRACK
5987301000000,207068,5987301000000,,0,GB_TRACK
5987335000000,207069,5987335000000,,0,GB_TRACK
5987335000000,207070,5987335000000,,0,GB_TRACK
5987335000000,207071,5987335000000,,0,GB_TRACK
5987352000000,207072,5987352000000,,0,GB_TRACK
5987369000000,207073,5987369000000,,0,GB_TRACK
5987369000000,207074,5987369000000,,0,GB_TRACK
5987386000000,207075,5987386000000,,0,GB_TRACK
5987403000000,207076,5987403000000,,0,GB_TRACK
5987420000000,207077,5987420000000,,0,GB_TRACK
5987420000000,207078,5987420000000,,0,GB_TRACK
5987437000000,207079,5987437000000,,0,GB_TRACK
5987454000000,207080,5987454000000,,0,GB_TRACK
5987454000000,207081,5987454000000,,0,GB_TRACK
5987488000000,207082,5987488000000,,0,GB_TRACK
5987488000000,207083,5987488000000,,0,GB_TRACK
5987522000000,207084,5987522000000,,0,GB_TRACK
5987539000000,207085,5987539000000,,0,GB_TRACK
5987539000000,207086,5987539000000,,0,GB_TRACK
5987539000000,207087,5987539000000,,0,GB_TRACK
5987556000000,207088,5987556000000,,0,GB_TRACK
5987556000000,207089,5987556000000,,0,GB_TRACK
5987573000000,207090,5987573000000,,0,GB_TRACK
5987607000000,207091,5987607000000,,0,GB_TRACK
5987624000000,207092,5987624000000,,0,GB_TRACK
5987624000000,207093,5987624000000,,0,GB_TRACK
5987624000000,207094,5987624000000,,0,GB_TRACK
5987641000000,207095,5987641000000,,0,TRAILING
5987661000000,207096,5987661000000,,0,TRAILING
5987661000000,207097,5987661000000,,0,TRAILING
5987678000000,207098,5987678000000,,0,TRAILING
5987712000000,207099,5987695000000,,0,TRAILING
5987712000000,207100,5987712000000,,0,TRAILING
5987712000000,207101,5987712000000,,0,TRAILING
5987729000000,207102,5987729000000,,0,TRAILING
5987729000000,207103,5987729000000,,0,TRAILING
5987729000000,207104,5987746000000,,0,TRAILING
5987765000000,207105,5987765000000,,0,TRAILING
5987799000000,207106,5987799000000,,0,TRAILING
5987799000000,207107,5987799000000,,0,TRAILING
5987816000000,207108,5987816000000,,0,TRAILING
5987833000000,207109,5987833000000,,0,TRAILING
5987850000000,207110,5987833000000,,0,TRAILING
5987850000000,207111,5987833000000,,0,TRAILING
5987850000000,207112,5987850000000,,0,TRAILING
5987867000000,207113,5987867000000,,0,TRAILING
5987867000000,207114,5987867000000,,0,TRAILING
5987901000000,207115,5987884000000,,0,TRAILING
5987901000000,207116,5987901000000,,0,TRAILING
5987918000000,207117,5987918000000,,0,TRAILING
5987935000000,207118,5987935000000,,0,TRAILING
5987952000000,207119,5987935000000,,0,TRAILING
5987952000000,207120,5987952000000,,0,TRAILING
5987969000000,207121,5987969000000,,0,TRAILING
5987969000000,207122,5987969000000,,0,TRAILING
5988003000000,207123,5987986000000,,0,TRAILING
5988003000000,207124,5988003000000,,0,TRAILING
5988037000000,207125,5988037000000,,0,TRAILING
5988037000000,207126,5988037000000,,0,TRAILING
5988054000000,207127,5988037000000,,0,TRAILING
5988054000000,207128,5988054000000,,0,TRAILING
5988054000000,207129,5988054000000,,0,TRAILING
5988072000000,207130,5988072000000,,0,TRAILING
5988089000000,207131,5988089000000,,0,TRAILING
5988140000000,207132,5988140000000,,0,TRAILING
5988140000000,207133,5988140000000,,0,TRAILING
5988191000000,207134,5988174000000,,0,TRAILING
5988191000000,207135,5988174000000,,0,TRAILING
5988191000000,207136,5988191000000,,0,TRAILING
5988191000000,207137,5988191000000,,0,TRAILING
5988208000000,207138,5988208000000,,0,TRAILING
5988208000000,207139,5988225000000,,0,TRAILING
5988259000000,207140,5988242000000,,0,TRAILING
5988259000000,207141,5988242000000,,0,TRAILING
5988259000000,207142,5988259000000,,0,TRAILING
5988276000000,207143,5988276000000,,0,TRAILING
5988293000000,207144,5988293000000,,0,TRAILING
5988344000000,207145,5988293000000,,0,TRAILING
5988344000000,207146,5988310000000,,0,TRAILING
5988344000000,207147,5988327000000,,0,TRAILING
5988344000000,207148,5988344000000,,0,TRAILING
5988344000000,207149,5988344000000,,0,TRAILING
5988355000000,207150,5988355000000,,0,TRAILING
5988374000000,207151,5988374000000,,0,TRAILING
5988391000000,207152,5988391000000,,0,TRAILING
5988391000000,207153,5988391000000,,0,TRAILING
5988408000000,207154,5988408000000,,0,TRAILING
5988425000000,207155,5988425000000,,0,TRAILING
5988442000000,207156,5988442000000,,0,TRAILING
5988442000000,207157,5988442000000,,0,TRAILING
5988459000000,207158,5988459000000,,0,TRAILING
5988476000000,207159,5988476000000,,0,TRAILING
5988493000000,207160,5988493000000,,0,TRAILING
5988493000000,207161,5988493000000,,0,TRAILING
5988527000000,207162,5988527000000,,0,TRAILING
5988527000000,207163,5988527000000,,0,TRAILING
5988544000000,207164,5988544000000,,0,TRAILING
5988544000000,207165,5988544000000,,0,TRAILING
5988567000000,207166,5988567000000,,0,TRAILING
5988567000000,207167,5988567000000,,0,TRAILING
5988584000000,207168,5988584000000,,0,TRAILING
5988601000000,207169,5988601000000,,0,TRAILING
5988618000000,207170,5988618000000,,0,TRAILING
5988652000000,207171,5988618000000,,0,TRAILING
5988652000000,207172,5988635000000,,0,TRAILING
5988652000000,207173,5988652000000,,0,TRAILING
5988669000000,207174,5988669000000,,0,TRAILING
5988669000000,207175,5988669000000,,0,TRAILING
5988720000000,207176,5988686000000,,0,TRAILING
5988720000000,207177,5988720000000,,0,TRAILING
5988720000000,207178,5988720000000,,0,TRAILING
5988737000000,207179,5988720000000,,0,TRAILING
5988737000000,207180,5988737000000,,0,TRAILING
5988754000000,207181,5988754000000,,0,TRAILING
5988754000000,207182,5988754000000,,0,TRAILING
5988788000000,207183,5988788000000,,0,TRAILING
5988788000000,207184,5988788000000,,0,TRAILING
5988822000000,207185,5988822000000,,0,TRAILING
5988822000000,207186,5988822000000,,0,TRAILING
5988839000000,207187,5988822000000,,0,TRAILING
5988839000000,207188,5988839000000,,0,TRAILING
5988856000000,207189,5988856000000,,0,TRAILING
5988856000000,207190,5988856000000,,0,TRAILING
5988873000000,207191,5988873000000,,0,TRAILING
5988907000000,207192,5988907000000,,0,TRAILING
5988907000000,207193,5988907000000,,0,TRAILING
5988941000000,207194,5988907000000,,0,TRAILING
5988941000000,207195,5988941000000,,0,TRAILING
5988941000000,207196,5988941000000,,0,TRAILING
5988941000000,207197,5988941000000,,0,TRAILING
5988958000000,207198,5988958000000,,0,TRAILING
5988992000000,207199,5988992000000,,0,TRAILING
5988992000000,207200,5988992000000,,0,TRAILING
5988992000000,207201,5988992000000,,0,TRAILING
5989009000000,207202,5989009000000,,0,TRAILING
5989026000000,207203,5989026000000,,0,TRAILING
5989043000000,207204,5989043000000,,0,TRAILING
5989043000000,207205,5989043000000,,0,TRAILING
5989060000000,207206,5989060000000,,0,TRAILING
5989077000000,207207,5989077000000,,0,TRAILING
5989094000000,207208,5989094000000,,0,TRAILING
5989094000000,207209,5989094000000,,0,TRAILING
5989145000000,207210,5989111000000,,0,TRAILING
5989145000000,207211,5989128000000,,0,TRAILING
5989145000000,207212,5989128000000,,0,TRAILING
5989145000000,207213,5989145000000,,0,TRAILING
5989169000000,207214,5989169000000,,0,TRAILING
5989169000000,207215,5989169000000,,0,TRAILING
5989220000000,207216,5989203000000,,0,TRAILING
5989220000000,207217,5989203000000,,0,TRAILING
5989220000000,207218,5989203000000,,0,TRAILING
5989220000000,207219,5989220000000,,0,TRAILING
5989237000000,207220,5989237000000,,0,TRAILING
5989254000000,207221,5989254000000,,0,TRAILING
5989271000000,207222,5989254000000,,0,TRAILING
5989271000000,207223,5989271000000,,0,TRAILING
5989288000000,207224,5989288000000,,0,TRAILING
5989305000000,207225,5989305000000,,0,TRAILING
5989339000000,207226,5989305000000,,0,TRAILING
5989339000000,207227,5989339000000,,0,TRAILING
5989339000000,207228,5989339000000,,0,TRAILING
5989352000000,207229,5989352000000,,0,TRAILING
5989386000000,207230,5989386000000,,0,TRAILING
5989437000000,207231,5989386000000,,0,TRAILING
5989437000000,207232,5989386000000,,0,TRAILING
5989437000000,207233,5989403000000,,0,TRAILING
5989437000000,207234,5989403000000,,0,TRAILING
5989437000000,207235,5989437000000,,0,TRAILING
5989437000000,207236,5989437000000,,0,TRAILING
5989454000000,207237,5989454000000,,0,TRAILING
5989454000000,207238,5989454000000,,0,TRAILING
5989473000000,207239,5989473000000,,0,TRAILING
5989524000000,207240,5989524000000,,0,TRAILING
5989524000000,207241,5989524000000,,0,TRAILING
5989558000000,207242,5989541000000,,0,TRAILING
5989558000000,207243,5989558000000,,0,TRAILING
5989577000000,207244,5989577000000,,0,TRAILING
5989577000000,207245,5989577000000,,0,TRAILING
5989594000000,207246,5989594000000,,0,TRAILING
5989594000000,207247,5989611000000,,0,TRAILING
5989628000000,207248,5989628000000,,0,TRAILING
5989645000000,207249,5989645000000,,0,TRAILING
5989645000000,207250,5989645000000,,0,TRAILING
5989662000000,207251,5989662000000,,0,TRAILING
5989662000000,207252,5989662000000,,0,TRAILING
5989679000000,207253,5989679000000,,0,TRAILING
5989696000000,207254,5989696000000,,0,TRAILING
5989713000000,207255,5989713000000,,0,TRAILING
5989713000000,207256,5989713000000,,0,TRAILING
5989730000000,207257,5989730000000,,0,TRAILING
5989747000000,207258,5989747000000,,0,TRAILING
5989781000000,207259,5989764000000,,0,TRAILING
5989781000000,207260,5989764000000,,0,TRAILING
5989781000000,207261,5989781000000,,0,TRAILING
5989798000000,207262,5989798000000,,0,TRAILING
5989832000000,207263,5989815000000,,0,TRAILING
5989866000000,207264,5989849000000,,0,TRAILING
5989866000000,207265,5989866000000,,0,TRAILING
5989883000000,207266,5989883000000,,0,TRAILING
5989900000000,207267,5989900000000,,0,TRAILING
5989917000000,207268,5989917000000,,0,TRAILING
5989917000000,207269,5989917000000,,0,TRAILING
5989951000000,207270,5989951000000,,0,TRAILING
5989951000000,207271,5989951000000,,0,TRAILING
5989968000000,207272,5989968000000,,0,TRAILING
5989968000000,207273,5989968000000,,0,TRAILING
5990002000000,207275,5990002000000,,0,OVERTAKE
5990036000000,207276,5990019000000,,0,OVERTAKE
5990036000000,207277,5990036000000,,0,OVERTAKE
5990053000000,207278,5990036000000,,0,OVERTAKE
5990053000000,207279,5990053000000,,0,OVERTAKE
5990076000000,207280,5990076000000,,0,OVERTAKE
5990076000000,207281,5990076000000,,0,OVERTAKE
5990093000000,207282,5990093000000,,0,OVERTAKE
5990093000000,207283,5990093000000,,0,OVERTAKE
5990127000000,207284,5990127000000,,0,OVERTAKE
5990127000000,207285,5990127000000,,0,OVERTAKE
5990144000000,207286,5990144000000,,0,OVERTAKE
5990144000000,207287,5990144000000,,0,OVERTAKE
5990161000000,207288,5990161000000,,0,OVERTAKE
5990178000000,207289,5990178000000,,0,OVERTAKE
5990212000000,207291,5990195000000,,0,OVERTAKE
5990229000000,207292,5990229000000,,0,OVERTAKE
5990263000000,207293,5990229000000,,0,OVERTAKE
5990263000000,207294,5990229000000,,0,OVERTAKE
5990263000000,207295,5990246000000,,0,OVERTAKE
5990263000000,207296,5990263000000,,0,OVERTAKE
5990263000000,207298,5990280000000,,0,OVERTAKE
5990297000000,207299,5990297000000,,0,OVERTAKE
5990314000000,207300,5990314000000,,0,TRAILING
5990348000000,207301,5990331000000,,0,TRAILING
5990348000000,207302,5990348000000,,0,TRAILING
5990348000000,207303,5990348000000,,0,TRAILING
5990365000000,207304,5990365000000,,0,TRAILING
5990399000000,207305,5990399000000,,0,TRAILING
5990433000000,207306,5990399000000,,0,TRAILING
5990433000000,207307,5990399000000,,0,TRAILING
5990433000000,207308,5990416000000,,0,TRAILING
5990433000000,207309,5990416000000,,0,TRAILING
5990433000000,207310,5990433000000,,0,TRAILING
5990450000000,207311,5990450000000,,0,TRAILING
5990467000000,207312,5990467000000,,0,TRAILING
5990467000000,207313,5990467000000,,0,TRAILING
5990518000000,207314,5990484000000,,0,TRAILING
5990518000000,207315,5990518000000,,0,TRAILING
5990518000000,207316,5990518000000,,0,TRAILING
5990518000000,207317,5990518000000,,0,TRAILING
5990535000000,207318,5990535000000,,0,TRAILING
5990552000000,207319,5990552000000,,0,TRAILING
5990586000000,207320,5990569000000,,0,TRAILING
5990586000000,207321,5990569000000,,0,TRAILING
5990586000000,207322,5990603000000,,0,TRAILING
5990586000000,207323,5990603000000,,0,TRAILING
5990637000000,207324,5990637000000,,0,TRAILING
5990637000000,207325,5990637000000,,0,TRAILING
5990637000000,207326,5990637000000,,0,TRAILING
5990658000000,207327,5990658000000,,0,TRAILING
5990658000000,207328,5990658000000,,0,TRAILING
5990678000000,207329,5990678000000,,0,TRAILING
5990695000000,207330,5990695000000,,0,TRAILING
5990729000000,207331,5990695000000,,0,TRAILING
5990729000000,207332,5990729000000,,0,TRAILING
5990729000000,207333,5990729000000,,0,TRAILING
5990746000000,207334,5990729000000,,0,TRAILING
5990746000000,207335,5990746000000,,0,TRAILING
5990763000000,207336,5990763000000,,0,TRAILING
5990797000000,207337,5990797000000,,0,TRAILING
5990797000000,207338,5990797000000,,0,TRAILING
5990797000000,207339,5990797000000,,0,TRAILING
5990814000000,207340,5990814000000,,0,TRAILING
5990814000000,207341,5990831000000,,0,TRAILING
5990831000000,207342,5990831000000,,0,TRAILING
5990848000000,207343,5990848000000,,0,TRAILING
5990865000000,207344,5990865000000,,0,TRAILING
5990899000000,207345,5990899000000,,0,TRAILING
5990899000000,207346,5990899000000,,0,TRAILING
5990899000000,207347,5990899000000,,0,TRAILING
5990916000000,207348,5990916000000,,0,TRAILING
5990916000000,207349,5990916000000,,0,TRAILING
5990950000000,207350,5990950000000,,0,TRAILING
5990950000000,207351,5990950000000,,0,TRAILING
5990967000000,207352,5990967000000,,0,OVERTAKE
5990967000000,207353,5990967000000,,0,TRAILING
5990984000000,207354,5990984000000,,0,TRAILING
5991001000000,207355,5991001000000,,0,TRAILING
5991035000000,207356,5991035000000,,0,TRAILING
5991052000000,207357,5991035000000,,0,TRAILING
5991052000000,207358,5991035000000,,0,TRAILING
5991052000000,207359,5991052000000,,0,TRAILING
5991069000000,207360,5991069000000,,0,TRAILING
5991069000000,207361,5991069000000,,0,TRAILING
5991120000000,207362,5991086000000,,0,TRAILING
5991120000000,207363,5991103000000,,0,TRAILING
5991120000000,207364,5991120000000,,0,TRAILING
5991120000000,207365,5991120000000,,0,TRAILING
5991154000000,207366,5991154000000,,0,TRAILING
5991154000000,207367,5991154000000,,0,TRAILING
5991154000000,207368,5991154000000,,0,TRAILING
5991171000000,207369,5991171000000,,0,TRAILING
5991188000000,207370,5991188000000,,0,TRAILING
5991222000000,207371,5991205000000,,0,TRAILING
5991222000000,207372,5991205000000,,0,TRAILING
5991222000000,207373,5991222000000,,0,TRAILING
5991239000000,207374,5991239000000,,0,TRAILING
5991256000000,207375,5991256000000,,0,TRAILING
5991307000000,207376,5991256000000,,0,TRAILING
5991307000000,207377,5991273000000,,0,TRAILING
5991307000000,207378,5991290000000,,0,TRAILING
5991307000000,207379,5991307000000,,0,TRAILING
5991307000000,207380,5991307000000,,0,TRAILING
5991324000000,207381,5991324000000,,0,TRAILING
5991324000000,207382,5991341000000,,0,TRAILING
5991324000000,207383,5991341000000,,0,TRAILING
5991341000000,207384,5991358000000,,0,TRAILING
5991375000000,207385,5991375000000,,0,TRAILING
5991443000000,207386,5991409000000,,0,TRAILING
5991443000000,207387,5991426000000,,0,TRAILING
5991443000000,207388,5991426000000,,0,TRAILING
5991443000000,207389,5991426000000,,0,TRAILING
5991443000000,207390,5991443000000,,0,TRAILING
5991443000000,207391,5991443000000,,0,TRAILING
5991460000000,207392,5991460000000,,0,TRAILING
5991494000000,207393,5991494000000,,0,TRAILING
5991494000000,207394,5991494000000,,0,TRAILING
5991494000000,207395,5991494000000,,0,TRAILING
5991511000000,207396,5991511000000,,0,TRAILING
5991528000000,207397,5991528000000,,0,TRAILING
5991545000000,207398,5991545000000,,0,TRAILING
5991545000000,207399,5991545000000,,0,TRAILING
5991562000000,207400,5991562000000,,0,TRAILING
5991579000000,207401,5991579000000,,0,TRAILING
5991579000000,207402,5991579000000,,0,TRAILING
5991613000000,207403,5991613000000,,0,TRAILING
5991613000000,207404,5991613000000,,0,TRAILING
5991630000000,207405,5991630000000,,0,TRAILING
5991630000000,207406,5991630000000,,0,TRAILING
5991647000000,207407,5991647000000,,0,TRAILING
5991647000000,207408,5991664000000,,0,TRAILING
5991664000000,207409,5991698000000,,0,TRAILING
5991664000000,207410,5991715000000,,0,TRAILING
5991749000000,207411,5991715000000,,0,TRAILING
5991749000000,207412,5991715000000,,0,TRAILING
5991749000000,207413,5991732000000,,0,TRAILING
5991749000000,207414,5991732000000,,0,TRAILING
5991749000000,207415,5991749000000,,0,TRAILING
5991768000000,207416,5991768000000,,0,TRAILING
5991768000000,207417,5991768000000,,0,TRAILING
5991785000000,207418,5991785000000,,0,TRAILING
5991819000000,207419,5991819000000,,0,TRAILING
5991836000000,207420,5991819000000,,0,TRAILING
5991836000000,207421,5991819000000,,0,TRAILING
5991836000000,207422,5991836000000,,0,TRAILING
5991857000000,207423,5991857000000,,0,TRAILING
5991857000000,207424,5991857000000,,0,TRAILING
5991891000000,207425,5991874000000,,0,TRAILING
5991891000000,207426,5991891000000,,0,TRAILING
5991908000000,207427,5991908000000,,0,TRAILING
5991942000000,207428,5991942000000,,0,TRAILING
5991942000000,207429,5991942000000,,0,TRAILING
5991956000000,207430,5991959000000,,0,TRAILING
5991990000000,207431,5991976000000,,0,TRAILING
5991990000000,207432,5991993000000,,0,TRAILING
5991990000000,207433,5991993000000,,0,TRAILING
5992007000000,207434,5992010000000,,0,TRAILING
5992024000000,207435,5992027000000,,0,TRAILING
5992041000000,207436,5992044000000,,0,TRAILING
5992041000000,207437,5992044000000,,0,TRAILING
5992058000000,207438,5992062000000,,0,TRAILING
5992077000000,207439,5992080000000,,0,TRAILING
5992077000000,207440,5992080000000,,0,TRAILING
5992111000000,207441,5992114000000,,0,TRAILING
5992111000000,207442,5992114000000,,0,TRAILING
5992111000000,207443,5992131000000,,0,TRAILING
5992128000000,207444,5992131000000,,0,TRAILING
5992145000000,207445,5992148000000,,0,TRAILING
5992162000000,207446,5992165000000,,0,TRAILING
5992213000000,207447,5992216000000,,0,TRAILING
5992213000000,207448,5992233000000,,0,TRAILING
5992247000000,207449,5992233000000,,0,TRAILING
5992247000000,207450,5992250000000,,0,TRAILING
5992264000000,207451,5992267000000,,0,TRAILING
5992264000000,207452,5992284000000,,0,TRAILING
5992315000000,207453,5992284000000,,0,TRAILING
5992315000000,207454,5992318000000,,0,TRAILING
5992315000000,207455,5992318000000,,0,TRAILING
5992315000000,207456,5992318000000,,0,TRAILING
5992349000000,207457,5992352000000,,0,TRAILING
5992349000000,207458,5992352000000,,0,TRAILING
5992366000000,207459,5992369000000,,0,TRAILING
5992366000000,207460,5992369000000,,0,TRAILING
5992366000000,207461,5992386000000,,0,TRAILING
5992400000000,207462,5992403000000,,0,TRAILING
5992434000000,207463,5992420000000,,0,TRAILING
5992434000000,207464,5992437000000,,0,TRAILING
5992434000000,207465,5992437000000,,0,TRAILING
5992451000000,207466,5992454000000,,0,TRAILING
5992451000000,207467,5992454000000,,0,TRAILING
5992502000000,207468,5992471000000,,0,TRAILING
5992502000000,207469,5992505000000,,0,TRAILING
5992502000000,207470,5992505000000,,0,TRAILING
5992502000000,207471,5992505000000,,0,TRAILING
5992536000000,207472,5992522000000,,0,TRAILING
5992536000000,207473,5992539000000,,0,TRAILING
5992549000000,207474,5992558000000,,0,TRAILING
5992549000000,207475,5992558000000,,0,TRAILING
5992585000000,207476,5992592000000,,0,TRAILING
5992585000000,207477,5992592000000,,0,TRAILING
5992585000000,207478,5992592000000,,0,TRAILING
5992619000000,207479,5992626000000,,0,TRAILING
5992619000000,207480,5992626000000,,0,TRAILING
5992636000000,207481,5992643000000,,0,TRAILING
5992636000000,207482,5992643000000,,0,TRAILING
5992670000000,207483,5992660000000,,0,TRAILING
5992687000000,207484,5992694000000,,0,TRAILING
5992687000000,207485,5992694000000,,0,TRAILING
5992687000000,207486,5992694000000,,0,TRAILING
5992704000000,207487,5992711000000,,0,TRAILING
5992738000000,207488,5992745000000,,0,TRAILING
5992738000000,207489,5992745000000,,0,TRAILING
5992738000000,207490,5992745000000,,0,TRAILING
5992755000000,207491,5992759000000,,0,TRAILING
5992772000000,207492,5992776000000,,0,TRAILING
5992789000000,207493,5992793000000,,0,TRAILING
5992806000000,207494,5992810000000,,0,TRAILING
5992806000000,207495,5992810000000,,0,TRAILING
5992823000000,207496,5992827000000,,0,TRAILING
5992840000000,207497,5992844000000,,0,TRAILING
5992840000000,207498,5992844000000,,0,TRAILING
5992857000000,207499,5992861000000,,0,TRAILING
5992891000000,207500,5992895000000,,0,TRAILING
5992908000000,207501,5992912000000,,0,TRAILING
5992925000000,207502,5992912000000,,0,TRAILING
5992925000000,207503,5992912000000,,0,TRAILING
5992942000000,207504,5992946000000,,0,TRAILING
5992942000000,207505,5992946000000,,0,TRAILING
5992942000000,207506,5992946000000,,0,TRAILING
5992959000000,207507,5992963000000,,0,TRAILING
5992993000000,207508,5992997000000,,0,TRAILING
5993010000000,207509,5992997000000,,0,TRAILING
5993010000000,207510,5993031000000,,0,TRAILING
5993062000000,207511,5993048000000,,0,TRAILING
5993062000000,207512,5993066000000,,0,TRAILING
5993096000000,207513,5993100000000,,0,TRAILING
5993096000000,207514,5993100000000,,0,TRAILING
5993096000000,207515,5993100000000,,0,TRAILING
5993130000000,207516,5993134000000,,0,TRAILING
5993130000000,207517,5993134000000,,0,TRAILING
5993130000000,207518,5993134000000,,0,TRAILING
5993147000000,207519,5993151000000,,0,TRAILING
5993164000000,207520,5993168000000,,0,TRAILING
5993198000000,207521,5993185000000,,0,TRAILING
5993232000000,207522,5993185000000,,0,TRAILING
5993232000000,207523,5993219000000,,0,TRAILING
5993232000000,207524,5993219000000,,0,TRAILING
5993232000000,207525,5993236000000,,0,TRAILING
5993249000000,207526,5993236000000,,0,TRAILING
5993249000000,207527,5993253000000,,0,TRAILING
5993249000000,207528,5993270000000,,0,TRAILING
5993283000000,207529,5993287000000,,0,TRAILING
5993334000000,207530,5993287000000,,0,TRAILING
5993334000000,207531,5993304000000,,0,TRAILING
5993334000000,207532,5993338000000,,0,TRAILING
5993334000000,207533,5993338000000,,0,TRAILING
5993334000000,207534,5993338000000,,0,TRAILING
5993368000000,207535,5993355000000,,0,TRAILING
5993385000000,207536,5993372000000,,0,TRAILING
5993385000000,207537,5993372000000,,0,TRAILING
5993436000000,207538,5993389000000,,0,TRAILING
5993436000000,207539,5993423000000,,0,TRAILING
5993436000000,207540,5993440000000,,0,TRAILING
5993453000000,207541,5993457000000,,0,TRAILING
5993468000000,207542,5993474000000,,0,TRAILING
5993485000000,207543,5993491000000,,0,TRAILING
5993485000000,207544,5993491000000,,0,TRAILING
5993536000000,207545,5993508000000,,0,TRAILING
5993536000000,207546,5993525000000,,0,TRAILING
5993536000000,207547,5993542000000,,0,TRAILING
5993536000000,207548,5993542000000,,0,TRAILING
5993573000000,207549,5993562000000,,0,TRAILING
5993607000000,207550,5993596000000,,0,TRAILING
5993607000000,207551,5993596000000,,0,TRAILING
5993607000000,207552,5993596000000,,0,TRAILING
5993607000000,207553,5993630000000,,0,TRAILING
5993624000000,207554,5993630000000,,0,TRAILING
5993624000000,207555,5993630000000,,0,TRAILING
5993641000000,207556,5993647000000,,0,TRAILING
5993658000000,207557,5993664000000,,0,TRAILING
5993675000000,207558,5993681000000,,0,TRAILING
5993675000000,207559,5993681000000,,0,TRAILING
5993709000000,207560,5993698000000,,0,TRAILING
5993726000000,207561,5993715000000,,0,TRAILING
5993743000000,207562,5993749000000,,0,TRAILING
5993743000000,207563,5993749000000,,0,TRAILING
5993777000000,207564,5993749000000,,0,TRAILING
5993777000000,207565,5993766000000,,0,TRAILING
5993777000000,207566,5993766000000,,0,TRAILING
5993794000000,207567,5993783000000,,0,TRAILING
5993794000000,207568,5993800000000,,0,TRAILING
5993811000000,207569,5993817000000,,0,TRAILING
5993845000000,207570,5993817000000,,0,TRAILING
5993845000000,207571,5993834000000,,0,TRAILING
5993845000000,207572,5993851000000,,0,TRAILING
5993863000000,207573,5993869000000,,0,TRAILING
5993863000000,207574,5993886000000,,0,TRAILING
5993897000000,207575,5993886000000,,0,TRAILING
5993931000000,207576,5993903000000,,0,TRAILING
5993931000000,207577,5993903000000,,0,TRAILING
5993931000000,207578,5993920000000,,0,TRAILING
5993931000000,207579,5993937000000,,0,OVERTAKE
5993948000000,207580,5993955000000,,0,OVERTAKE
5993966000000,207581,5993955000000,,0,OVERTAKE
5994000000000,207582,5993989000000,,0,OVERTAKE
5994000000000,207583,5994006000000,,0,OVERTAKE
5994034000000,207584,5994023000000,,0,OVERTAKE
5994034000000,207585,5994040000000,,0,OVERTAKE
5994051000000,207586,5994057000000,,0,OVERTAKE
5994051000000,207587,5994057000000,,0,OVERTAKE
5994085000000,207588,5994074000000,,0,OVERTAKE
5994085000000,207589,5994091000000,,0,OVERTAKE
5994136000000,207590,5994125000000,,0,OVERTAKE
5994136000000,207591,5994125000000,,0,OVERTAKE
5994136000000,207592,5994125000000,,0,OVERTAKE
5994136000000,207593,5994159000000,,0,OVERTAKE
5994136000000,207594,5994159000000,,0,OVERTAKE
5994153000000,207595,5994159000000,,0,OVERTAKE
5994170000000,207596,5994176000000,,0,OVERTAKE
5994204000000,207597,5994210000000,,0,OVERTAKE
5994204000000,207598,5994210000000,,0,OVERTAKE
5994221000000,207599,5994210000000,,0,OVERTAKE
5994238000000,207600,5994227000000,,0,OVERTAKE
5994238000000,207601,5994244000000,,0,OVERTAKE
5994238000000,207602,5994244000000,,0,OVERTAKE
5994255000000,207603,5994261000000,,0,OVERTAKE
5994255000000,207604,5994278000000,,0,OVERTAKE
5994289000000,207605,5994295000000,,0,OVERTAKE
5994340000000,207606,5994295000000,,0,OVERTAKE
5994340000000,207607,5994312000000,,0,OVERTAKE
5994340000000,207608,5994329000000,,0,OVERTAKE
5994340000000,207609,5994346000000,,0,OVERTAKE
5994340000000,207610,5994346000000,,0,OVERTAKE
5994348000000,207611,5994356000000,,0,OVERTAKE
5994365000000,207612,5994373000000,,0,OVERTAKE
5994365000000,207613,5994390000000,,0,OVERTAKE
5994416000000,207614,5994407000000,,0,OVERTAKE
5994416000000,207615,5994424000000,,0,OVERTAKE
5994450000000,207616,5994424000000,,0,OVERTAKE
5994450000000,207617,5994441000000,,0,OVERTAKE
5994467000000,207618,5994458000000,,0,OVERTAKE
5994467000000,207619,5994458000000,,0,OVERTAKE
5994501000000,207621,5994492000000,,0,OVERTAKE
5994501000000,207622,5994509000000,,0,OVERTAKE
5994501000000,207623,5994509000000,,0,OVERTAKE
5994535000000,207624,5994526000000,,0,OVERTAKE
5994535000000,207625,5994543000000,,0,OVERTAKE
5994552000000,207627,5994560000000,,0,OVERTAKE
5994569000000,207628,5994577000000,,0,OVERTAKE
5994603000000,207629,5994594000000,,0,OVERTAKE
5994603000000,207630,5994594000000,,0,OVERTAKE
5994620000000,207631,5994611000000,,0,OVERTAKE
5994637000000,207632,5994628000000,,0,OVERTAKE
5994654000000,207633,5994645000000,,0,OVERTAKE
5994688000000,207634,5994645000000,,0,OVERTAKE
5994688000000,207636,5994679000000,,0,OVERTAKE
5994688000000,207637,5994696000000,,0,OVERTAKE
5994688000000,207638,5994696000000,,0,OVERTAKE
5994705000000,207639,5994713000000,,0,OVERTAKE
5994739000000,207640,5994730000000,,0,OVERTAKE
5994739000000,207642,5994747000000,,0,OVERTAKE
5994756000000,207643,5994768000000,,0,OVERTAKE
5994777000000,207644,5994785000000,,0,OVERTAKE
5994777000000,207645,5994785000000,,0,OVERTAKE
5994828000000,207646,5994802000000,,0,OVERTAKE
5994828000000,207648,5994819000000,,0,OVERTAKE
5994828000000,207649,5994836000000,,0,OVERTAKE
5994845000000,207650,5994853000000,,0,OVERTAKE
5994896000000,207651,5994921000000,,0,OVERTAKE
5994896000000,207652,5994921000000,,0,OVERTAKE
5994947000000,207653,5994938000000,,0,OVERTAKE
5994947000000,207654,5994956000000,,0,OVERTAKE
5994965000000,207656,5994973000000,,0,OVERTAKE
5994965000000,207657,5994990000000,,0,OVERTAKE
5995033000000,207660,5995024000000,,0,OVERTAKE
5995033000000,207661,5995041000000,,0,OVERTAKE
5995053000000,207662,5995056000000,,0,OVERTAKE
5995089000000,207663,5995091000000,,0,OVERTAKE
5995089000000,207664,5995108000000,,0,TRAILING
5995089000000,207665,5995108000000,,0,OVERTAKE
5995123000000,207666,5995108000000,,0,OVERTAKE
5995123000000,207668,5995125000000,,0,OVERTAKE
5995140000000,207669,5995142000000,,0,TRAILING
5995157000000,207670,5995159000000,,0,TRAILING
5995157000000,207671,5995159000000,,0,TRAILING
5995208000000,207672,5995193000000,,0,TRAILING
5995208000000,207673,5995210000000,,0,TRAILING
5995208000000,207674,5995210000000,,0,TRAILING
5995208000000,207675,5995210000000,,0,TRAILING
5995242000000,207676,5995227000000,,0,TRAILING
5995242000000,207677,5995244000000,,0,TRAILING
5995259000000,207678,5995261000000,,0,TRAILING
5995259000000,207679,5995261000000,,0,TRAILING
5995276000000,207680,5995278000000,,0,TRAILING
5995293000000,207681,5995295000000,,0,TRAILING
5995310000000,207682,5995312000000,,0,TRAILING
5995310000000,207683,5995312000000,,0,TRAILING
5995344000000,207684,5995346000000,,0,TRAILING
5995356000000,207685,5995346000000,,0,TRAILING
5995356000000,207686,5995346000000,,0,TRAILING
5995373000000,207687,5995373000000,,0,TRAILING
5995373000000,207688,5995373000000,,0,TRAILING
5995390000000,207689,5995390000000,,0,TRAILING
5995441000000,207690,5995441000000,,0,TRAILING
5995441000000,207691,5995441000000,,0,TRAILING
5995463000000,207692,5995463000000,,0,TRAILING
5995480000000,207693,5995480000000,,0,TRAILING
5995480000000,207694,5995480000000,,0,TRAILING
5995497000000,207695,5995497000000,,0,TRAILING
5995514000000,207696,5995514000000,,0,TRAILING
5995531000000,207697,5995531000000,,0,TRAILING
5995531000000,207698,5995531000000,,0,TRAILING
5995548000000,207699,5995548000000,,0,TRAILING
5995564000000,207700,5995564000000,,0,TRAILING
5995598000000,207701,5995581000000,,0,TRAILING
5995598000000,207702,5995581000000,,0,TRAILING
5995598000000,207703,5995598000000,,0,TRAILING
5995615000000,207704,5995615000000,,0,TRAILING
5995649000000,207705,5995649000000,,0,TRAILING
5995656000000,207706,5995649000000,,0,TRAILING
5995656000000,207707,5995649000000,,0,TRAILING
5995656000000,207708,5995656000000,,0,TRAILING
5995673000000,207709,5995673000000,,0,TRAILING
5995724000000,207710,5995707000000,,0,TRAILING
5995724000000,207711,5995707000000,,0,TRAILING
5995724000000,207712,5995707000000,,0,TRAILING
5995724000000,207713,5995724000000,,0,TRAILING
5995741000000,207714,5995741000000,,0,TRAILING
5995758000000,207715,5995741000000,,0,TRAILING
5995758000000,207716,5995758000000,,0,TRAILING
5995775000000,207717,5995775000000,,0,TRAILING
5995792000000,207718,5995792000000,,0,TRAILING
5995792000000,207719,5995792000000,,0,TRAILING
5995826000000,207720,5995809000000,,0,TRAILING
5995826000000,207721,5995826000000,,0,TRAILING
5995843000000,207722,5995843000000,,0,TRAILING
5995843000000,207723,5995843000000,,0,TRAILING
5995858000000,207724,5995858000000,,0,TRAILING
5995875000000,207725,5995875000000,,0,TRAILING
5995909000000,207726,5995909000000,,0,TRAILING
5995909000000,207727,5995909000000,,0,TRAILING
5995926000000,207728,5995909000000,,0,TRAILING
5995926000000,207729,5995926000000,,0,TRAILING
5995943000000,207730,5995943000000,,0,TRAILING
5995943000000,207731,5995943000000,,0,TRAILING
5995977000000,207732,5995960000000,,0,TRAILING
5995977000000,207733,5995977000000,,0,TRAILING
5995994000000,207734,5995994000000,,0,TRAILING
5995994000000,207735,5995994000000,,0,TRAILING
5996028000000,207736,5996028000000,,0,TRAILING
5996045000000,207737,5996028000000,,0,TRAILING
5996045000000,207738,5996045000000,,0,TRAILING
5996045000000,207739,5996045000000,,0,TRAILING
5996062000000,207740,5996062000000,,0,TRAILING
5996079000000,207741,5996079000000,,0,TRAILING
5996113000000,207742,5996079000000,,0,TRAILING
5996113000000,207743,5996113000000,,0,TRAILING
5996113000000,207744,5996113000000,,0,TRAILING
5996113000000,207745,5996130000000,,0,TRAILING
5996113000000,207746,5996130000000,,0,TRAILING
5996147000000,207747,5996147000000,,0,TRAILING
5996164000000,207748,5996164000000,,0,TRAILING
5996198000000,207749,5996181000000,,0,TRAILING
5996198000000,207750,5996181000000,,0,TRAILING
5996198000000,207751,5996198000000,,0,TRAILING
5996232000000,207752,5996232000000,,0,TRAILING
5996232000000,207753,5996232000000,,0,TRAILING
5996249000000,207754,5996232000000,,0,TRAILING
5996249000000,207755,5996249000000,,0,TRAILING
5996261000000,207756,5996261000000,,0,TRAILING
5996278000000,207757,5996278000000,,0,TRAILING
5996312000000,207758,5996312000000,,0,TRAILING
5996312000000,207759,5996312000000,,0,TRAILING
5996346000000,207760,5996312000000,,0,TRAILING
5996346000000,207761,5996329000000,,0,TRAILING
5996346000000,207762,5996329000000,,0,TRAILING
5996346000000,207763,5996346000000,,0,TRAILING
5996361000000,207764,5996361000000,,0,TRAILING
5996378000000,207765,5996378000000,,0,TRAILING
5996395000000,207766,5996395000000,,0,TRAILING
5996395000000,207767,5996395000000,,0,TRAILING
5996446000000,207768,5996429000000,,0,TRAILING
5996446000000,207769,5996429000000,,0,TRAILING
5996446000000,207770,5996429000000,,0,TRAILING
5996446000000,207771,5996446000000,,0,TRAILING
5996463000000,207772,5996462000000,,0,TRAILING
5996480000000,207773,5996479000000,,0,TRAILING
5996514000000,207774,5996479000000,,0,TRAILING
5996514000000,207775,5996496000000,,0,TRAILING
5996514000000,207776,5996513000000,,0,TRAILING
5996514000000,207777,5996530000000,,0,TRAILING
5996548000000,207778,5996547000000,,0,TRAILING
5996548000000,207779,5996547000000,,0,TRAILING
5996548000000,207780,5996564000000,,0,TRAILING
5996565000000,207781,5996581000000,,0,TRAILING
5996565000000,207782,5996581000000,,0,TRAILING
5996633000000,207783,5996598000000,,0,TRAILING
5996633000000,207784,5996632000000,,0,TRAILING
5996633000000,207785,5996632000000,,0,TRAILING
5996633000000,207786,5996632000000,,0,TRAILING
5996650000000,207787,5996649000000,,0,TRAILING
5996667000000,207788,5996666000000,,0,TRAILING
5996667000000,207789,5996666000000,,0,TRAILING
5996684000000,207790,5996683000000,,0,TRAILING
5996718000000,207791,5996717000000,,0,TRAILING
5996718000000,207792,5996717000000,,0,TRAILING
5996752000000,207793,5996717000000,,0,TRAILING
5996752000000,207794,5996751000000,,0,TRAILING
5996752000000,207795,5996751000000,,0,TRAILING
5996752000000,207796,5996762000000,,0,TRAILING
5996788000000,207797,5996779000000,,0,TRAILING
5996839000000,207798,5996813000000,,0,TRAILING
5996839000000,207799,5996813000000,,0,TRAILING
5996839000000,207800,5996813000000,,0,TRAILING
5996839000000,207801,5996830000000,,0,TRAILING
5996839000000,207802,5996830000000,,0,TRAILING
5996856000000,207803,5996847000000,,0,TRAILING
5996856000000,207804,5996864000000,,0,TRAILING
5996873000000,207805,5996881000000,,0,TRAILING
5996907000000,207806,5996881000000,,0,TRAILING
5996907000000,207807,5996898000000,,0,TRAILING
5996924000000,207808,5996915000000,,0,TRAILING
5996924000000,207809,5996932000000,,0,TRAILING
5996924000000,207810,5996932000000,,0,TRAILING
5996941000000,207811,5996949000000,,0,TRAILING
5996958000000,207812,5996966000000,,0,TRAILING
5996958000000,207813,5996966000000,,0,TRAILING
5996992000000,207814,5997000000000,,0,TRAILING
5997026000000,207815,5997000000000,,0,TRAILING
5997026000000,207816,5997017000000,,0,TRAILING
5997026000000,207817,5997017000000,,0,TRAILING
5997026000000,207818,5997034000000,,0,TRAILING
5997043000000,207819,5997051000000,,0,TRAILING
5997060000000,207820,5997068000000,,0,TRAILING
5997094000000,207821,5997068000000,,0,TRAILING
5997094000000,207822,5997085000000,,0,TRAILING
5997094000000,207823,5997102000000,,0,TRAILING
5997128000000,207824,5997119000000,,0,TRAILING
5997128000000,207825,5997119000000,,0,TRAILING
5997145000000,207826,5997136000000,,0,TRAILING
5997145000000,207827,5997153000000,,0,TRAILING
5997162000000,207828,5997170000000,,0,TRAILING
5997162000000,207829,5997170000000,,0,TRAILING
5997179000000,207830,5997187000000,,0,TRAILING
5997213000000,207831,5997221000000,,0,TRAILING
5997213000000,207832,5997221000000,,0,TRAILING
5997213000000,207833,5997221000000,,0,TRAILING
5997247000000,207834,5997238000000,,0,TRAILING
5997267000000,207835,5997255000000,,0,TRAILING
5997267000000,207836,5997255000000,,0,TRAILING
5997301000000,207837,5997292000000,,0,TRAILING
5997301000000,207838,5997292000000,,0,TRAILING
5997301000000,207839,5997292000000,,0,TRAILING
5997301000000,207840,5997309000000,,0,TRAILING
5997335000000,207841,5997343000000,,0,TRAILING
5997352000000,207842,5997343000000,,0,TRAILING
5997352000000,207843,5997343000000,,0,TRAILING
5997369000000,207844,5997360000000,,0,TRAILING
5997386000000,207845,5997377000000,,0,TRAILING
5997437000000,207846,5997411000000,,0,TRAILING
5997437000000,207847,5997411000000,,0,TRAILING
5997437000000,207848,5997411000000,,0,TRAILING
5997437000000,207849,5997428000000,,0,TRAILING
5997437000000,207850,5997445000000,,0,TRAILING
5997437000000,207851,5997445000000,,0,TRAILING
5997454000000,207852,5997462000000,,0,TRAILING
5997488000000,207853,5997479000000,,0,TRAILING
5997488000000,207854,5997479000000,,0,TRAILING
5997488000000,207855,5997496000000,,0,TRAILING
5997505000000,207856,5997513000000,,0,TRAILING
5997522000000,207857,5997530000000,,0,TRAILING
5997522000000,207858,5997530000000,,0,TRAILING
5997539000000,207859,5997547000000,,0,TRAILING
5997556000000,207860,5997564000000,,0,TRAILING
5997607000000,207861,5997598000000,,0,TRAILING
5997607000000,207862,5997598000000,,0,TRAILING
5997607000000,207863,5997615000000,,0,TRAILING
5997607000000,207864,5997615000000,,0,TRAILING
5997624000000,207865,5997632000000,,0,TRAILING
5997641000000,207866,5997632000000,,0,TRAILING
5997658000000,207867,5997649000000,,0,TRAILING
5997692000000,207868,5997683000000,,0,TRAILING
5997692000000,207869,5997700000000,,0,TRAILING
5997726000000,207870,5997717000000,,0,TRAILING
5997726000000,207871,5997734000000,,0,TRAILING
5997743000000,207872,5997751000000,,0,OVERTAKE
5997743000000,207873,5997751000000,,0,OVERTAKE
5997760000000,207874,5997768000000,,0,OVERTAKE
5997777000000,207875,5997785000000,,0,TRAILING
5997794000000,207876,5997802000000,,0,TRAILING
5997794000000,207877,5997802000000,,0,TRAILING
5997811000000,207878,5997819000000,,0,TRAILING
5997828000000,207879,5997836000000,,0,TRAILING
5997845000000,207880,5997853000000,,0,TRAILING
5997845000000,207881,5997853000000,,0,TRAILING
5997862000000,207882,5997870000000,,0,TRAILING
5997896000000,207883,5997887000000,,0,TRAILING
5997930000000,207884,5997904000000,,0,TRAILING
5997947000000,207885,5997938000000,,0,TRAILING
5997947000000,207886,5997955000000,,0,TRAILING
5997947000000,207887,5997955000000,,0,TRAILING
5997964000000,207888,5997978000000,,0,TRAILING
5997964000000,207889,5997978000000,,0,OVERTAKE
5998015000000,207890,5997995000000,,0,OVERTAKE
5998015000000,207891,5998012000000,,0,OVERTAKE
5998015000000,207892,5998029000000,,0,OVERTAKE
5998015000000,207893,5998029000000,,0,OVERTAKE
5998054000000,207894,5998046000000,,0,OVERTAKE
5998071000000,207895,5998068000000,,0,OVERTAKE
5998071000000,207896,5998068000000,,0,OVERTAKE
5998105000000,207897,5998085000000,,0,OVERTAKE
5998122000000,207899,5998102000000,,0,OVERTAKE
5998122000000,207900,5998119000000,,0,OVERTAKE
5998139000000,207901,5998136000000,,0,OVERTAKE
5998156000000,207902,5998153000000,,0,OVERTAKE
5998156000000,207903,5998153000000,,0,TRAILING
5998156000000,207904,5998170000000,,0,TRAILING
5998190000000,207907,5998204000000,,0,OVERTAKE
5998207000000,207908,5998221000000,,0,OVERTAKE
5998241000000,207909,5998238000000,,0,OVERTAKE
5998241000000,207910,5998238000000,,0,OVERTAKE
5998258000000,207911,5998255000000,,0,OVERTAKE
5998275000000,207912,5998272000000,,0,OVERTAKE
5998309000000,207913,5998289000000,,0,OVERTAKE
5998309000000,207914,5998289000000,,0,OVERTAKE
5998309000000,207915,5998306000000,,0,OVERTAKE
5998326000000,207916,5998323000000,,0,OVERTAKE
5998343000000,207917,5998340000000,,0,OVERTAKE
5998360000000,207918,5998340000000,,0,OVERTAKE
5998360000000,207919,5998357000000,,0,OVERTAKE
5998377000000,207920,5998374000000,,0,OVERTAKE
5998411000000,207922,5998408000000,,0,OVERTAKE
5998411000000,207923,5998408000000,,0,OVERTAKE
5998411000000,207924,5998425000000,,0,OVERTAKE
5998428000000,207926,5998442000000,,0,OVERTAKE
5998445000000,207927,5998459000000,,0,OVERTAKE
5998462000000,207928,5998476000000,,0,OVERTAKE
5998462000000,207929,5998476000000,,0,OVERTAKE
5998479000000,207930,5998493000000,,0,OVERTAKE
5998547000000,207931,5998510000000,,0,OVERTAKE
5998547000000,207933,5998544000000,,0,OVERTAKE
5998547000000,207934,5998544000000,,0,OVERTAKE
5998547000000,207935,5998561000000,,0,OVERTAKE
5998564000000,207936,5998578000000,,0,OVERTAKE
5998564000000,207937,5998578000000,,0,OVERTAKE
5998598000000,207938,5998595000000,,0,OVERTAKE
5998615000000,207939,5998612000000,,0,OVERTAKE
5998615000000,207941,5998629000000,,0,OVERTAKE
5998649000000,207942,5998646000000,,0,OVERTAKE
5998662000000,207943,5998664000000,,0,OVERTAKE
5998662000000,207944,5998664000000,,0,OVERTAKE
5998680000000,207946,5998698000000,,0,OVERTAKE
5998697000000,207947,5998715000000,,0,OVERTAKE
5998714000000,207948,5998715000000,,0,OVERTAKE
5998748000000,207949,5998732000000,,0,OVERTAKE
5998748000000,207950,5998749000000,,0,TRAILING
5998765000000,207951,5998766000000,,0,TRAILING
5998765000000,207952,5998766000000,,0,TRAILING
5998782000000,207953,5998783000000,,0,TRAILING
5998799000000,207954,5998800000000,,0,TRAILING
5998833000000,207955,5998834000000,,0,OVERTAKE
5998850000000,207956,5998834000000,,0,OVERTAKE
5998850000000,207957,5998834000000,,0,OVERTAKE
5998850000000,207958,5998851000000,,0,OVERTAKE
5998850000000,207959,5998851000000,,0,OVERTAKE
5998867000000,207960,5998868000000,,0,OVERTAKE
5998884000000,207961,5998885000000,,0,OVERTAKE
5998901000000,207962,5998902000000,,0,OVERTAKE
5998901000000,207963,5998902000000,,0,OVERTAKE
5998935000000,207964,5998919000000,,0,OVERTAKE
5998935000000,207965,5998936000000,,0,OVERTAKE
5998959000000,207966,5998960000000,,0,OVERTAKE
5998959000000,207967,5998960000000,,0,OVERTAKE
5998993000000,207968,5998994000000,,0,OVERTAKE
5999010000000,207970,5998994000000,,0,OVERTAKE
5999010000000,207971,5999011000000,,0,TRAILING
5999044000000,207972,5999045000000,,0,TRAILING
5999044000000,207973,5999045000000,,0,TRAILING
5999061000000,207974,5999045000000,,0,TRAILING
5999061000000,207975,5999062000000,,0,TRAILING
5999095000000,207976,5999096000000,,0,TRAILING
5999095000000,207977,5999096000000,,0,OVERTAKE
5999129000000,207978,5999096000000,,0,OVERTAKE
5999129000000,207980,5999113000000,,0,OVERTAKE
5999129000000,207981,5999130000000,,0,TRAILING
5999146000000,207982,5999147000000,,0,TRAILING
5999163000000,207983,5999164000000,,0,TRAILING
5999163000000,207984,5999164000000,,0,TRAILING
5999214000000,207985,5999181000000,,0,TRAILING
5999214000000,207986,5999215000000,,0,TRAILING
5999214000000,207987,5999215000000,,0,TRAILING
5999214000000,207988,5999215000000,,0,TRAILING
5999231000000,207989,5999232000000,,0,TRAILING
5999248000000,207990,5999249000000,,0,TRAILING
5999265000000,207991,5999266000000,,0,TRAILING
5999265000000,207992,5999266000000,,0,TRAILING
5999299000000,207993,5999300000000,,0,TRAILING
5999333000000,207994,5999300000000,,0,TRAILING
5999333000000,207995,5999334000000,,0,TRAILING
5999350000000,207996,5999351000000,,0,TRAILING
5999350000000,207997,5999351000000,,0,TRAILING
5999368000000,207998,5999369000000,,0,TRAILING
5999385000000,207999,5999386000000,,0,TRAILING
5999402000000,208000,5999403000000,,0,TRAILING
5999419000000,208001,5999403000000,,0,TRAILING
5999453000000,208002,5999437000000,,0,TRAILING
5999453000000,208003,5999437000000,,0,TRAILING
5999453000000,208004,5999454000000,,0,TRAILING
5999453000000,208005,5999454000000,,0,TRAILING
5999471000000,208006,5999472000000,,0,TRAILING
5999505000000,208007,5999489000000,,0,TRAILING
5999505000000,208008,5999506000000,,0,TRAILING
5999522000000,208009,5999506000000,,0,TRAILING
5999522000000,208010,5999523000000,,0,TRAILING
5999522000000,208011,5999540000000,,0,TRAILING
5999539000000,208012,5999540000000,,0,TRAILING
5999573000000,208013,5999557000000,,0,TRAILING
5999573000000,208014,5999574000000,,0,TRAILING
5999590000000,208015,5999591000000,,0,TRAILING
5999590000000,208016,5999591000000,,0,TRAILING
5999641000000,208017,5999608000000,,0,TRAILING
5999641000000,208018,5999642000000,,0,TRAILING
5999641000000,208019,5999642000000,,0,TRAILING
5999641000000,208020,5999642000000,,0,TRAILING
5999658000000,208021,5999655000000,,0,TRAILING
5999675000000,208022,5999672000000,,0,TRAILING
5999692000000,208023,5999689000000,,0,TRAILING
5999692000000,208024,5999689000000,,0,TRAILING
5999726000000,208025,5999723000000,,0,TRAILING
5999726000000,208026,5999723000000,,0,TRAILING
5999743000000,208027,5999740000000,,0,TRAILING
5999760000000,208028,5999740000000,,0,TRAILING
5999760000000,208029,5999757000000,,0,TRAILING
5999777000000,208030,5999774000000,,0,TRAILING
5999777000000,208031,5999791000000,,0,TRAILING
5999811000000,208032,5999791000000,,0,TRAILING
5999811000000,208033,5999808000000,,0,TRAILING
5999828000000,208034,5999825000000,,0,TRAILING
5999828000000,208035,5999842000000,,0,TRAILING
5999862000000,208036,5999842000000,,0,TRAILING
5999862000000,208037,5999859000000,,0,TRAILING
5999896000000,208038,5999893000000,,0,TRAILING
5999913000000,208039,5999893000000,,0,TRAILING
5999947000000,208040,5999927000000,,0,TRAILING
5999947000000,208041,5999927000000,,0,GB_TRACK
5999947000000,208042,5999944000000,,0,GB_TRACK
5999964000000,208043,5999961000000,,0,GB_TRACK
5999981000000,208044,5999978000000,,0,GB_TRACK
6000015000000,208045,5999978000000,,0,GB_TRACK
6000015000000,208046,5999995000000,,0,GB_TRACK
6000015000000,208047,6000029000000,,0,GB_TRACK
6000032000000,208048,6000029000000,,0,TRAILING
6000049000000,208049,6000046000000,,0,TRAILING
6000049000000,208050,6000046000000,,0,TRAILING
6000066000000,208051,6000063000000,,0,TRAILING
6000066000000,208052,6000080000000,,0,GB_TRACK
6000083000000,208053,6000080000000,,0,GB_TRACK
6000100000000,208054,6000097000000,,0,GB_TRACK
6000100000000,208055,6000131000000,,0,GB_TRACK
6000100000000,208056,6000131000000,,0,GB_TRACK
6000100000000,208057,6000131000000,,0,GB_TRACK
6000134000000,208058,6000148000000,,0,GB_TRACK
6000151000000,208059,6000165000000,,0,GB_TRACK
6000151000000,208060,6000165000000,,0,GB_TRACK
6000168000000,208061,6000182000000,,0,GB_TRACK
6000168000000,208062,6000199000000,,0,GB_TRACK
6000202000000,208063,6000216000000,,0,GB_TRACK
6000202000000,208064,6000216000000,,0,GB_TRACK
6000236000000,208065,6000233000000,,0,GB_TRACK
6000236000000,208066,6000250000000,,0,GB_TRACK
6000275000000,208067,6000272000000,,0,GB_TRACK
6000275000000,208068,6000272000000,,0,GB_TRACK
6000309000000,208069,6000306000000,,0,GB_TRACK
6000309000000,208070,6000306000000,,0,GB_TRACK
6000309000000,208071,6000306000000,,0,GB_TRACK
6000343000000,208072,6000340000000,,0,GB_TRACK
6000343000000,208073,6000340000000,,0,GB_TRACK
6000343000000,208074,6000340000000,,0,GB_TRACK
6000360000000,208075,6000357000000,,0,GB_TRACK
6000377000000,208076,6000374000000,,0,GB_TRACK
6000394000000,208077,6000391000000,,0,GB_TRACK
6000394000000,208078,6000408000000,,0,GB_TRACK
6000394000000,208079,6000408000000,,0,GB_TRACK
6000428000000,208080,6000425000000,,0,GB_TRACK
6000445000000,208081,6000442000000,,0,GB_TRACK
6000445000000,208082,6000442000000,,0,GB_TRACK
6000462000000,208083,6000459000000,,0,GB_TRACK
6000462000000,208084,6000476000000,,0,GB_TRACK
6000479000000,208085,6000493000000,,0,GB_TRACK
6000479000000,208086,6000493000000,,0,GB_TRACK
6000479000000,208087,6000510000000,,0,GB_TRACK
6000513000000,208088,6000527000000,,0,GB_TRACK
6000513000000,208089,6000544000000,,0,GB_TRACK
6000547000000,208090,6000544000000,,0,GB_TRACK
6000564000000,208091,6000578000000,,0,GB_TRACK
6000564000000,208092,6000578000000,,0,GB_TRACK
6000581000000,208093,6000578000000,,0,GB_TRACK
6000598000000,208094,6000612000000,,0,GB_TRACK
6000598000000,208095,6000612000000,,0,GB_TRACK
6000615000000,208096,6000629000000,,0,GB_TRACK
6000632000000,208097,6000629000000,,0,GB_TRACK
6000632000000,208098,6000646000000,,0,GB_TRACK
6000666000000,208099,6000663000000,,0,GB_TRACK
6000666000000,208100,6000680000000,,0,GB_TRACK
6000666000000,208101,6000680000000,,0,GB_TRACK
6000700000000,208102,6000697000000,,0,GB_TRACK
6000700000000,208103,6000714000000,,0,GB_TRACK
6000751000000,208104,6000748000000,,0,GB_TRACK
6000751000000,208105,6000748000000,,0,GB_TRACK
6000751000000,208106,6000748000000,,0,GB_TRACK
6000768000000,208107,6000765000000,,0,GB_TRACK
6000768000000,208108,6000765000000,,0,GB_TRACK
6000802000000,208109,6000782000000,,0,GB_TRACK
6000802000000,208110,6000799000000,,0,GB_TRACK
6000836000000,208111,6000833000000,,0,GB_TRACK
6000836000000,208112,6000833000000,,0,GB_TRACK
6000836000000,208113,6000833000000,,0,GB_TRACK
6000836000000,208114,6000850000000,,0,GB_TRACK
6000870000000,208115,6000867000000,,0,GB_TRACK
6000870000000,208116,6000884000000,,0,GB_TRACK
6000870000000,208117,6000884000000,,0,GB_TRACK
6000904000000,208118,6000901000000,,0,GB_TRACK
6000904000000,208119,6000935000000,,0,GB_TRACK
6000938000000,208120,6000935000000,,0,GB_TRACK
6000956000000,208121,6000953000000,,0,GB_TRACK
6000956000000,208122,6000953000000,,0,GB_TRACK
6000956000000,208123,6000953000000,,0,GB_TRACK
6000973000000,208124,6000970000000,,0,GB_TRACK
6000990000000,208125,6000987000000,,0,GB_TRACK
6000990000000,208126,6001004000000,,0,GB_TRACK
6000990000000,208127,6001004000000,,0,GB_TRACK
6001024000000,208128,6001021000000,,0,GB_TRACK
6001041000000,208129,6001038000000,,0,GB_TRACK
6001065000000,208130,6001062000000,,0,GB_TRACK
6001065000000,208131,6001062000000,,0,GB_TRACK
6001082000000,208132,6001079000000,,0,GB_TRACK
6001082000000,208133,6001079000000,,0,GB_TRACK
6001099000000,208134,6001096000000,,0,GB_TRACK
6001099000000,208135,6001113000000,,0,GB_TRACK
6001133000000,208136,6001130000000,,0,GB_TRACK
6001133000000,208137,6001130000000,,0,GB_TRACK
6001133000000,208138,6001147000000,,0,GB_TRACK
6001150000000,208139,6001166000000,,0,GB_TRACK
6001150000000,208140,6001166000000,,0,GB_TRACK
6001186000000,208141,6001183000000,,0,GB_TRACK
6001186000000,208142,6001200000000,,0,GB_TRACK
6001220000000,208143,6001234000000,,0,GB_TRACK
6001220000000,208144,6001234000000,,0,GB_TRACK
6001237000000,208145,6001234000000,,0,GB_TRACK
6001237000000,208146,6001251000000,,0,GB_TRACK
6001254000000,208147,6001268000000,,0,GB_TRACK
6001254000000,208148,6001268000000,,0,GB_TRACK
6001288000000,208149,6001285000000,,0,GB_TRACK
6001305000000,208150,6001319000000,,0,GB_TRACK
6001322000000,208151,6001319000000,,0,GB_TRACK
6001322000000,208152,6001319000000,,0,GB_TRACK
6001339000000,208153,6001336000000,,0,GB_TRACK
6001339000000,208154,6001353000000,,0,GB_TRACK
6001339000000,208155,6001353000000,,0,GB_TRACK
6001373000000,208156,6001370000000,,0,GB_TRACK
6001407000000,208157,6001404000000,,0,GB_TRACK
6001424000000,208158,6001421000000,,0,GB_TRACK
6001424000000,208159,6001421000000,,0,GB_TRACK
6001424000000,208160,6001421000000,,0,GB_TRACK
6001441000000,208161,6001438000000,,0,GB_TRACK
6001459000000,208162,6001456000000,,0,GB_TRACK
6001459000000,208163,6001456000000,,0,GB_TRACK
6001476000000,208164,6001473000000,,0,GB_TRACK
6001493000000,208165,6001490000000,,0,GB_TRACK
6001493000000,208166,6001490000000,,0,GB_TRACK
6001527000000,208167,6001524000000,,0,GB_TRACK
6001527000000,208168,6001524000000,,0,GB_TRACK
6001544000000,208169,6001541000000,,0,GB_TRACK
6001544000000,208170,6001541000000,,0,GB_TRACK
6001561000000,208171,6001558000000,,0,GB_TRACK
6001595000000,208172,6001592000000,,0,GB_TRACK
6001595000000,208173,6001592000000,,0,GB_TRACK
6001595000000,208174,6001592000000,,0,GB_TRACK
6001629000000,208175,6001626000000,,0,GB_TRACK
6001629000000,208176,6001626000000,,0,GB_TRACK
6001646000000,208177,6001643000000,,0,GB_TRACK
6001646000000,208178,6001643000000,,0,GB_TRACK
6001663000000,208179,6001660000000,,0,GB_TRACK
6001663000000,208180,6001694000000,,0,GB_TRACK
6001663000000,208181,6001694000000,,0,GB_TRACK
6001697000000,208182,6001694000000,,0,GB_TRACK
6001731000000,208183,6001728000000,,0,GB_TRACK
6001731000000,208184,6001728000000,,0,GB_TRACK
6001731000000,208185,6001728000000,,0,GB_TRACK
6001748000000,208186,6001745000000,,0,GB_TRACK
6001765000000,208187,6001762000000,,0,GB_TRACK
6001799000000,208188,6001796000000,,0,GB_TRACK
6001799000000,208189,6001796000000,,0,GB_TRACK
6001799000000,208190,6001796000000,,0,GB_TRACK
6001816000000,208191,6001813000000,,0,GB_TRACK
6001850000000,208192,6001847000000,,0,GB_TRACK
6001850000000,208193,6001847000000,,0,GB_TRACK
6001850000000,208194,6001847000000,,0,GB_TRACK
6001867000000,208195,6001864000000,,0,GB_TRACK
6001884000000,208196,6001881000000,,0,GB_TRACK
6001884000000,208197,6001881000000,,0,GB_TRACK
6001918000000,208198,6001915000000,,0,GB_TRACK
6001918000000,208199,6001915000000,,0,GB_TRACK
6001918000000,208200,6001915000000,,0,GB_TRACK
6001935000000,208201,6001932000000,,0,GB_TRACK
6001935000000,208202,6001949000000,,0,GB_TRACK
6001952000000,208203,6001966000000,,0,GB_TRACK
6001969000000,208204,6001966000000,,0,GB_TRACK
6001969000000,208205,6001983000000,,0,GB_TRACK
6002003000000,208206,6002017000000,,0,GB_TRACK
6002003000000,208207,6002017000000,,0,GB_TRACK
6002003000000,208208,6002017000000,,0,GB_TRACK
6002037000000,208209,6002034000000,,0,GB_TRACK
6002054000000,208210,6002051000000,,0,GB_TRACK
6002071000000,208211,6002068000000,,0,GB_TRACK
6002071000000,208212,6002068000000,,0,GB_TRACK
6002088000000,208213,6002085000000,,0,GB_TRACK
6002105000000,208214,6002102000000,,0,GB_TRACK
6002139000000,208215,6002136000000,,0,GB_TRACK
6002139000000,208216,6002136000000,,0,GB_TRACK
6002139000000,208217,6002136000000,,0,GB_TRACK
6002161000000,208218,6002158000000,,0,GB_TRACK
6002161000000,208219,6002158000000,,0,GB_TRACK
6002161000000,208220,6002175000000,,0,GB_TRACK
